Target;Target_Namespace;Target_Type;Target_Method;Job_Id;Job_AnalyzeLaunchVariance;Job_EvaluateOverhead;Job_MaxStdErrRelative;Job_MinInvokeCount;Job_MinIterationTime;Job_RemoveOutliers;Job_Affinity;Job_Jit;Job_Platform;Job_Runtime;Job_AllowVeryLargeObjects;Job_Concurrent;Job_CpuGroups;Job_Force;Job_Server;Job_Clock;Job_EngineFactory;Job_Toolchain;Job_InvocationCount;Job_IterationTime;Job_LaunchCount;Job_RunStrategy;Job_TargetCount;Job_UnrollFactor;Job_WarmupCount;Job_Display;Params;Measurement_LaunchIndex;Measurement_IterationMode;Measurement_IterationIndex;Measurement_Nanoseconds;Measurement_Operations;Measurement_Value
ModelBase_SetValue_Benchmark.SetStringValue;Catel.Benchmarks.ModelBase.SetValue;ModelBase_SetValue_Benchmark;SetStringValue;Default;Default;Default;Default;Default;Default;Default;Default;Default;Default;Default;Default;Default;Default;Default;Default;Default;Default;Default;Default;Default;Default;Default;Default;Default;Default;DefaultJob;;1;Pilot;1;305968.21;16;19123.01
ModelBase_SetValue_Benchmark.SetStringValue;Catel.Benchmarks.ModelBase.SetValue;ModelBase_SetValue_Benchmark;SetStringValue;Default;Default;Default;Default;Default;Default;Default;Default;Default;Default;Default;Default;Default;Default;Default;Default;Default;Default;Default;Default;Default;Default;Default;Default;Default;Default;DefaultJob;;1;Pilot;2;98058.78;32;3064.34
ModelBase_SetValue_Benchmark.SetStringValue;Catel.Benchmarks.ModelBase.SetValue;ModelBase_SetValue_Benchmark;SetStringValue;Default;Default;Default;Default;Default;Default;Default;Default;Default;Default;Default;Default;Default;Default;Default;Default;Default;Default;Default;Default;Default;Default;Default;Default;Default;Default;DefaultJob;;1;Pilot;3;146777.85;64;2293.4
ModelBase_SetValue_Benchmark.SetStringValue;Catel.Benchmarks.ModelBase.SetValue;ModelBase_SetValue_Benchmark;SetStringValue;Default;Default;Default;Default;Default;Default;Default;Default;Default;Default;Default;Default;Default;Default;Default;Default;Default;Default;Default;Default;Default;Default;Default;Default;Default;Default;DefaultJob;;1;Pilot;4;237699.44;128;1857.03
ModelBase_SetValue_Benchmark.SetStringValue;Catel.Benchmarks.ModelBase.SetValue;ModelBase_SetValue_Benchmark;SetStringValue;Default;Default;Default;Default;Default;Default;Default;Default;Default;Default;Default;Default;Default;Default;Default;Default;Default;Default;Default;Default;Default;Default;Default;Default;Default;Default;DefaultJob;;1;Pilot;5;442505.75;256;1728.54
ModelBase_SetValue_Benchmark.SetStringValue;Catel.Benchmarks.ModelBase.SetValue;ModelBase_SetValue_Benchmark;SetStringValue;Default;Default;Default;Default;Default;Default;Default;Default;Default;Default;Default;Default;Default;Default;Default;Default;Default;Default;Default;Default;Default;Default;Default;Default;Default;Default;DefaultJob;;1;Pilot;6;857393.68;512;1674.6
ModelBase_SetValue_Benchmark.SetStringValue;Catel.Benchmarks.ModelBase.SetValue;ModelBase_SetValue_Benchmark;SetStringValue;Default;Default;Default;Default;Default;Default;Default;Default;Default;Default;Default;Default;Default;Default;Default;Default;Default;Default;Default;Default;Default;Default;Default;Default;Default;Default;DefaultJob;;1;Pilot;7;1715097.67;1024;1674.9
ModelBase_SetValue_Benchmark.SetStringValue;Catel.Benchmarks.ModelBase.SetValue;ModelBase_SetValue_Benchmark;SetStringValue;Default;Default;Default;Default;Default;Default;Default;Default;Default;Default;Default;Default;Default;Default;Default;Default;Default;Default;Default;Default;Default;Default;Default;Default;Default;Default;DefaultJob;;1;Pilot;8;3333998.44;2048;1627.93
ModelBase_SetValue_Benchmark.SetStringValue;Catel.Benchmarks.ModelBase.SetValue;ModelBase_SetValue_Benchmark;SetStringValue;Default;Default;Default;Default;Default;Default;Default;Default;Default;Default;Default;Default;Default;Default;Default;Default;Default;Default;Default;Default;Default;Default;Default;Default;Default;Default;DefaultJob;;1;Pilot;9;6713302.51;4096;1638.99
ModelBase_SetValue_Benchmark.SetStringValue;Catel.Benchmarks.ModelBase.SetValue;ModelBase_SetValue_Benchmark;SetStringValue;Default;Default;Default;Default;Default;Default;Default;Default;Default;Default;Default;Default;Default;Default;Default;Default;Default;Default;Default;Default;Default;Default;Default;Default;Default;Default;DefaultJob;;1;Pilot;10;13294411.86;8192;1622.85
ModelBase_SetValue_Benchmark.SetStringValue;Catel.Benchmarks.ModelBase.SetValue;ModelBase_SetValue_Benchmark;SetStringValue;Default;Default;Default;Default;Default;Default;Default;Default;Default;Default;Default;Default;Default;Default;Default;Default;Default;Default;Default;Default;Default;Default;Default;Default;Default;Default;DefaultJob;;1;Pilot;11;26517451.82;16384;1618.5
ModelBase_SetValue_Benchmark.SetStringValue;Catel.Benchmarks.ModelBase.SetValue;ModelBase_SetValue_Benchmark;SetStringValue;Default;Default;Default;Default;Default;Default;Default;Default;Default;Default;Default;Default;Default;Default;Default;Default;Default;Default;Default;Default;Default;Default;Default;Default;Default;Default;DefaultJob;;1;Pilot;12;52181544.03;32768;1592.45
ModelBase_SetValue_Benchmark.SetStringValue;Catel.Benchmarks.ModelBase.SetValue;ModelBase_SetValue_Benchmark;SetStringValue;Default;Default;Default;Default;Default;Default;Default;Default;Default;Default;Default;Default;Default;Default;Default;Default;Default;Default;Default;Default;Default;Default;Default;Default;Default;Default;DefaultJob;;1;Pilot;13;147538740.2;65536;2251.26
ModelBase_SetValue_Benchmark.SetStringValue;Catel.Benchmarks.ModelBase.SetValue;ModelBase_SetValue_Benchmark;SetStringValue;Default;Default;Default;Default;Default;Default;Default;Default;Default;Default;Default;Default;Default;Default;Default;Default;Default;Default;Default;Default;Default;Default;Default;Default;Default;Default;DefaultJob;;1;Pilot;14;206659494.31;131072;1576.69
ModelBase_SetValue_Benchmark.SetStringValue;Catel.Benchmarks.ModelBase.SetValue;ModelBase_SetValue_Benchmark;SetStringValue;Default;Default;Default;Default;Default;Default;Default;Default;Default;Default;Default;Default;Default;Default;Default;Default;Default;Default;Default;Default;Default;Default;Default;Default;Default;Default;DefaultJob;;1;IdleWarmup;1;273695.7;131072;2.09
ModelBase_SetValue_Benchmark.SetStringValue;Catel.Benchmarks.ModelBase.SetValue;ModelBase_SetValue_Benchmark;SetStringValue;Default;Default;Default;Default;Default;Default;Default;Default;Default;Default;Default;Default;Default;Default;Default;Default;Default;Default;Default;Default;Default;Default;Default;Default;Default;Default;DefaultJob;;1;IdleWarmup;2;259421.32;131072;1.98
ModelBase_SetValue_Benchmark.SetStringValue;Catel.Benchmarks.ModelBase.SetValue;ModelBase_SetValue_Benchmark;SetStringValue;Default;Default;Default;Default;Default;Default;Default;Default;Default;Default;Default;Default;Default;Default;Default;Default;Default;Default;Default;Default;Default;Default;Default;Default;Default;Default;DefaultJob;;1;IdleWarmup;3;259111.01;131072;1.98
ModelBase_SetValue_Benchmark.SetStringValue;Catel.Benchmarks.ModelBase.SetValue;ModelBase_SetValue_Benchmark;SetStringValue;Default;Default;Default;Default;Default;Default;Default;Default;Default;Default;Default;Default;Default;Default;Default;Default;Default;Default;Default;Default;Default;Default;Default;Default;Default;Default;DefaultJob;;1;IdleWarmup;4;258800.7;131072;1.97
ModelBase_SetValue_Benchmark.SetStringValue;Catel.Benchmarks.ModelBase.SetValue;ModelBase_SetValue_Benchmark;SetStringValue;Default;Default;Default;Default;Default;Default;Default;Default;Default;Default;Default;Default;Default;Default;Default;Default;Default;Default;Default;Default;Default;Default;Default;Default;Default;Default;DefaultJob;;1;IdleWarmup;5;262834.76;131072;2.01
ModelBase_SetValue_Benchmark.SetStringValue;Catel.Benchmarks.ModelBase.SetValue;ModelBase_SetValue_Benchmark;SetStringValue;Default;Default;Default;Default;Default;Default;Default;Default;Default;Default;Default;Default;Default;Default;Default;Default;Default;Default;Default;Default;Default;Default;Default;Default;Default;Default;DefaultJob;;1;IdleWarmup;6;262834.76;131072;2.01
ModelBase_SetValue_Benchmark.SetStringValue;Catel.Benchmarks.ModelBase.SetValue;ModelBase_SetValue_Benchmark;SetStringValue;Default;Default;Default;Default;Default;Default;Default;Default;Default;Default;Default;Default;Default;Default;Default;Default;Default;Default;Default;Default;Default;Default;Default;Default;Default;Default;DefaultJob;;1;IdleWarmup;7;261903.82;131072;2
ModelBase_SetValue_Benchmark.SetStringValue;Catel.Benchmarks.ModelBase.SetValue;ModelBase_SetValue_Benchmark;SetStringValue;Default;Default;Default;Default;Default;Default;Default;Default;Default;Default;Default;Default;Default;Default;Default;Default;Default;Default;Default;Default;Default;Default;Default;Default;Default;Default;DefaultJob;;1;IdleWarmup;8;263145.07;131072;2.01
ModelBase_SetValue_Benchmark.SetStringValue;Catel.Benchmarks.ModelBase.SetValue;ModelBase_SetValue_Benchmark;SetStringValue;Default;Default;Default;Default;Default;Default;Default;Default;Default;Default;Default;Default;Default;Default;Default;Default;Default;Default;Default;Default;Default;Default;Default;Default;Default;Default;DefaultJob;;1;IdleTarget;1;267799.76;131072;2.04
ModelBase_SetValue_Benchmark.SetStringValue;Catel.Benchmarks.ModelBase.SetValue;ModelBase_SetValue_Benchmark;SetStringValue;Default;Default;Default;Default;Default;Default;Default;Default;Default;Default;Default;Default;Default;Default;Default;Default;Default;Default;Default;Default;Default;Default;Default;Default;Default;Default;DefaultJob;;1;IdleTarget;2;267799.76;131072;2.04
ModelBase_SetValue_Benchmark.SetStringValue;Catel.Benchmarks.ModelBase.SetValue;ModelBase_SetValue_Benchmark;SetStringValue;Default;Default;Default;Default;Default;Default;Default;Default;Default;Default;Default;Default;Default;Default;Default;Default;Default;Default;Default;Default;Default;Default;Default;Default;Default;Default;DefaultJob;;1;IdleTarget;3;261283.2;131072;1.99
ModelBase_SetValue_Benchmark.SetStringValue;Catel.Benchmarks.ModelBase.SetValue;ModelBase_SetValue_Benchmark;SetStringValue;Default;Default;Default;Default;Default;Default;Default;Default;Default;Default;Default;Default;Default;Default;Default;Default;Default;Default;Default;Default;Default;Default;Default;Default;Default;Default;DefaultJob;;1;IdleTarget;4;262524.45;131072;2
ModelBase_SetValue_Benchmark.SetStringValue;Catel.Benchmarks.ModelBase.SetValue;ModelBase_SetValue_Benchmark;SetStringValue;Default;Default;Default;Default;Default;Default;Default;Default;Default;Default;Default;Default;Default;Default;Default;Default;Default;Default;Default;Default;Default;Default;Default;Default;Default;Default;DefaultJob;;1;IdleTarget;5;259111.01;131072;1.98
ModelBase_SetValue_Benchmark.SetStringValue;Catel.Benchmarks.ModelBase.SetValue;ModelBase_SetValue_Benchmark;SetStringValue;Default;Default;Default;Default;Default;Default;Default;Default;Default;Default;Default;Default;Default;Default;Default;Default;Default;Default;Default;Default;Default;Default;Default;Default;Default;Default;DefaultJob;;1;IdleTarget;6;261593.51;131072;2
ModelBase_SetValue_Benchmark.SetStringValue;Catel.Benchmarks.ModelBase.SetValue;ModelBase_SetValue_Benchmark;SetStringValue;Default;Default;Default;Default;Default;Default;Default;Default;Default;Default;Default;Default;Default;Default;Default;Default;Default;Default;Default;Default;Default;Default;Default;Default;Default;Default;DefaultJob;;1;IdleTarget;7;259111.01;131072;1.98
ModelBase_SetValue_Benchmark.SetStringValue;Catel.Benchmarks.ModelBase.SetValue;ModelBase_SetValue_Benchmark;SetStringValue;Default;Default;Default;Default;Default;Default;Default;Default;Default;Default;Default;Default;Default;Default;Default;Default;Default;Default;Default;Default;Default;Default;Default;Default;Default;Default;DefaultJob;;1;IdleTarget;8;332965.41;131072;2.54
ModelBase_SetValue_Benchmark.SetStringValue;Catel.Benchmarks.ModelBase.SetValue;ModelBase_SetValue_Benchmark;SetStringValue;Default;Default;Default;Default;Default;Default;Default;Default;Default;Default;Default;Default;Default;Default;Default;Default;Default;Default;Default;Default;Default;Default;Default;Default;Default;Default;DefaultJob;;1;IdleTarget;9;261593.51;131072;2
ModelBase_SetValue_Benchmark.SetStringValue;Catel.Benchmarks.ModelBase.SetValue;ModelBase_SetValue_Benchmark;SetStringValue;Default;Default;Default;Default;Default;Default;Default;Default;Default;Default;Default;Default;Default;Default;Default;Default;Default;Default;Default;Default;Default;Default;Default;Default;Default;Default;DefaultJob;;1;IdleTarget;10;259111.01;131072;1.98
ModelBase_SetValue_Benchmark.SetStringValue;Catel.Benchmarks.ModelBase.SetValue;ModelBase_SetValue_Benchmark;SetStringValue;Default;Default;Default;Default;Default;Default;Default;Default;Default;Default;Default;Default;Default;Default;Default;Default;Default;Default;Default;Default;Default;Default;Default;Default;Default;Default;DefaultJob;;1;IdleTarget;11;259111.01;131072;1.98
ModelBase_SetValue_Benchmark.SetStringValue;Catel.Benchmarks.ModelBase.SetValue;ModelBase_SetValue_Benchmark;SetStringValue;Default;Default;Default;Default;Default;Default;Default;Default;Default;Default;Default;Default;Default;Default;Default;Default;Default;Default;Default;Default;Default;Default;Default;Default;Default;Default;DefaultJob;;1;IdleTarget;12;259111.01;131072;1.98
ModelBase_SetValue_Benchmark.SetStringValue;Catel.Benchmarks.ModelBase.SetValue;ModelBase_SetValue_Benchmark;SetStringValue;Default;Default;Default;Default;Default;Default;Default;Default;Default;Default;Default;Default;Default;Default;Default;Default;Default;Default;Default;Default;Default;Default;Default;Default;Default;Default;DefaultJob;;1;IdleTarget;13;261593.51;131072;2
ModelBase_SetValue_Benchmark.SetStringValue;Catel.Benchmarks.ModelBase.SetValue;ModelBase_SetValue_Benchmark;SetStringValue;Default;Default;Default;Default;Default;Default;Default;Default;Default;Default;Default;Default;Default;Default;Default;Default;Default;Default;Default;Default;Default;Default;Default;Default;Default;Default;DefaultJob;;1;IdleTarget;14;259421.32;131072;1.98
ModelBase_SetValue_Benchmark.SetStringValue;Catel.Benchmarks.ModelBase.SetValue;ModelBase_SetValue_Benchmark;SetStringValue;Default;Default;Default;Default;Default;Default;Default;Default;Default;Default;Default;Default;Default;Default;Default;Default;Default;Default;Default;Default;Default;Default;Default;Default;Default;Default;DefaultJob;;1;IdleTarget;15;259111.01;131072;1.98
ModelBase_SetValue_Benchmark.SetStringValue;Catel.Benchmarks.ModelBase.SetValue;ModelBase_SetValue_Benchmark;SetStringValue;Default;Default;Default;Default;Default;Default;Default;Default;Default;Default;Default;Default;Default;Default;Default;Default;Default;Default;Default;Default;Default;Default;Default;Default;Default;Default;DefaultJob;;1;MainWarmup;1;234534874.01;131072;1789.36
ModelBase_SetValue_Benchmark.SetStringValue;Catel.Benchmarks.ModelBase.SetValue;ModelBase_SetValue_Benchmark;SetStringValue;Default;Default;Default;Default;Default;Default;Default;Default;Default;Default;Default;Default;Default;Default;Default;Default;Default;Default;Default;Default;Default;Default;Default;Default;Default;Default;DefaultJob;;1;MainWarmup;2;340496382.22;131072;2597.78
ModelBase_SetValue_Benchmark.SetStringValue;Catel.Benchmarks.ModelBase.SetValue;ModelBase_SetValue_Benchmark;SetStringValue;Default;Default;Default;Default;Default;Default;Default;Default;Default;Default;Default;Default;Default;Default;Default;Default;Default;Default;Default;Default;Default;Default;Default;Default;Default;Default;DefaultJob;;1;MainWarmup;3;206693008.07;131072;1576.94
ModelBase_SetValue_Benchmark.SetStringValue;Catel.Benchmarks.ModelBase.SetValue;ModelBase_SetValue_Benchmark;SetStringValue;Default;Default;Default;Default;Default;Default;Default;Default;Default;Default;Default;Default;Default;Default;Default;Default;Default;Default;Default;Default;Default;Default;Default;Default;Default;Default;DefaultJob;;1;MainWarmup;4;204878920.68;131072;1563.1
ModelBase_SetValue_Benchmark.SetStringValue;Catel.Benchmarks.ModelBase.SetValue;ModelBase_SetValue_Benchmark;SetStringValue;Default;Default;Default;Default;Default;Default;Default;Default;Default;Default;Default;Default;Default;Default;Default;Default;Default;Default;Default;Default;Default;Default;Default;Default;Default;Default;DefaultJob;;1;MainWarmup;5;205795584.07;131072;1570.1
ModelBase_SetValue_Benchmark.SetStringValue;Catel.Benchmarks.ModelBase.SetValue;ModelBase_SetValue_Benchmark;SetStringValue;Default;Default;Default;Default;Default;Default;Default;Default;Default;Default;Default;Default;Default;Default;Default;Default;Default;Default;Default;Default;Default;Default;Default;Default;Default;Default;DefaultJob;;1;MainWarmup;6;205244779.22;131072;1565.89
ModelBase_SetValue_Benchmark.SetStringValue;Catel.Benchmarks.ModelBase.SetValue;ModelBase_SetValue_Benchmark;SetStringValue;Default;Default;Default;Default;Default;Default;Default;Default;Default;Default;Default;Default;Default;Default;Default;Default;Default;Default;Default;Default;Default;Default;Default;Default;Default;Default;DefaultJob;;1;MainTarget;1;205093346.68;131072;1564.74
ModelBase_SetValue_Benchmark.SetStringValue;Catel.Benchmarks.ModelBase.SetValue;ModelBase_SetValue_Benchmark;SetStringValue;Default;Default;Default;Default;Default;Default;Default;Default;Default;Default;Default;Default;Default;Default;Default;Default;Default;Default;Default;Default;Default;Default;Default;Default;Default;Default;DefaultJob;;1;MainTarget;2;205944223.79;131072;1571.23
ModelBase_SetValue_Benchmark.SetStringValue;Catel.Benchmarks.ModelBase.SetValue;ModelBase_SetValue_Benchmark;SetStringValue;Default;Default;Default;Default;Default;Default;Default;Default;Default;Default;Default;Default;Default;Default;Default;Default;Default;Default;Default;Default;Default;Default;Default;Default;Default;Default;DefaultJob;;1;MainTarget;3;204459688.38;131072;1559.9
ModelBase_SetValue_Benchmark.SetStringValue;Catel.Benchmarks.ModelBase.SetValue;ModelBase_SetValue_Benchmark;SetStringValue;Default;Default;Default;Default;Default;Default;Default;Default;Default;Default;Default;Default;Default;Default;Default;Default;Default;Default;Default;Default;Default;Default;Default;Default;Default;Default;DefaultJob;;1;MainTarget;4;205379144.57;131072;1566.92
ModelBase_SetValue_Benchmark.SetStringValue;Catel.Benchmarks.ModelBase.SetValue;ModelBase_SetValue_Benchmark;SetStringValue;Default;Default;Default;Default;Default;Default;Default;Default;Default;Default;Default;Default;Default;Default;Default;Default;Default;Default;Default;Default;Default;Default;Default;Default;Default;Default;DefaultJob;;1;MainTarget;5;203946431.36;131072;1555.99
ModelBase_SetValue_Benchmark.SetStringValue;Catel.Benchmarks.ModelBase.SetValue;ModelBase_SetValue_Benchmark;SetStringValue;Default;Default;Default;Default;Default;Default;Default;Default;Default;Default;Default;Default;Default;Default;Default;Default;Default;Default;Default;Default;Default;Default;Default;Default;Default;Default;DefaultJob;;1;MainTarget;6;204358836.79;131072;1559.13
ModelBase_SetValue_Benchmark.SetStringValue;Catel.Benchmarks.ModelBase.SetValue;ModelBase_SetValue_Benchmark;SetStringValue;Default;Default;Default;Default;Default;Default;Default;Default;Default;Default;Default;Default;Default;Default;Default;Default;Default;Default;Default;Default;Default;Default;Default;Default;Default;Default;DefaultJob;;1;MainTarget;7;204931053.2;131072;1563.5
ModelBase_SetValue_Benchmark.SetStringValue;Catel.Benchmarks.ModelBase.SetValue;ModelBase_SetValue_Benchmark;SetStringValue;Default;Default;Default;Default;Default;Default;Default;Default;Default;Default;Default;Default;Default;Default;Default;Default;Default;Default;Default;Default;Default;Default;Default;Default;Default;Default;DefaultJob;;1;MainTarget;8;204574193.72;131072;1560.78
ModelBase_SetValue_Benchmark.SetStringValue;Catel.Benchmarks.ModelBase.SetValue;ModelBase_SetValue_Benchmark;SetStringValue;Default;Default;Default;Default;Default;Default;Default;Default;Default;Default;Default;Default;Default;Default;Default;Default;Default;Default;Default;Default;Default;Default;Default;Default;Default;Default;DefaultJob;;1;MainTarget;9;204315082.71;131072;1558.8
ModelBase_SetValue_Benchmark.SetStringValue;Catel.Benchmarks.ModelBase.SetValue;ModelBase_SetValue_Benchmark;SetStringValue;Default;Default;Default;Default;Default;Default;Default;Default;Default;Default;Default;Default;Default;Default;Default;Default;Default;Default;Default;Default;Default;Default;Default;Default;Default;Default;DefaultJob;;1;MainTarget;10;204441690.25;131072;1559.77
ModelBase_SetValue_Benchmark.SetStringValue;Catel.Benchmarks.ModelBase.SetValue;ModelBase_SetValue_Benchmark;SetStringValue;Default;Default;Default;Default;Default;Default;Default;Default;Default;Default;Default;Default;Default;Default;Default;Default;Default;Default;Default;Default;Default;Default;Default;Default;Default;Default;DefaultJob;;1;MainTarget;11;205807065.63;131072;1570.18
ModelBase_SetValue_Benchmark.SetStringValue;Catel.Benchmarks.ModelBase.SetValue;ModelBase_SetValue_Benchmark;SetStringValue;Default;Default;Default;Default;Default;Default;Default;Default;Default;Default;Default;Default;Default;Default;Default;Default;Default;Default;Default;Default;Default;Default;Default;Default;Default;Default;DefaultJob;;1;MainTarget;12;205458274.28;131072;1567.52
ModelBase_SetValue_Benchmark.SetStringValue;Catel.Benchmarks.ModelBase.SetValue;ModelBase_SetValue_Benchmark;SetStringValue;Default;Default;Default;Default;Default;Default;Default;Default;Default;Default;Default;Default;Default;Default;Default;Default;Default;Default;Default;Default;Default;Default;Default;Default;Default;Default;DefaultJob;;1;MainTarget;13;205176820.77;131072;1565.37
ModelBase_SetValue_Benchmark.SetStringValue;Catel.Benchmarks.ModelBase.SetValue;ModelBase_SetValue_Benchmark;SetStringValue;Default;Default;Default;Default;Default;Default;Default;Default;Default;Default;Default;Default;Default;Default;Default;Default;Default;Default;Default;Default;Default;Default;Default;Default;Default;Default;DefaultJob;;1;MainTarget;14;205907917.22;131072;1570.95
ModelBase_SetValue_Benchmark.SetStringValue;Catel.Benchmarks.ModelBase.SetValue;ModelBase_SetValue_Benchmark;SetStringValue;Default;Default;Default;Default;Default;Default;Default;Default;Default;Default;Default;Default;Default;Default;Default;Default;Default;Default;Default;Default;Default;Default;Default;Default;Default;Default;DefaultJob;;1;MainTarget;15;204179786.42;131072;1557.77
ModelBase_SetValue_Benchmark.SetStringValue;Catel.Benchmarks.ModelBase.SetValue;ModelBase_SetValue_Benchmark;SetStringValue;Default;Default;Default;Default;Default;Default;Default;Default;Default;Default;Default;Default;Default;Default;Default;Default;Default;Default;Default;Default;Default;Default;Default;Default;Default;Default;DefaultJob;;1;Result;1;204827263.98;131072;1562.71
ModelBase_SetValue_Benchmark.SetStringValue;Catel.Benchmarks.ModelBase.SetValue;ModelBase_SetValue_Benchmark;SetStringValue;Default;Default;Default;Default;Default;Default;Default;Default;Default;Default;Default;Default;Default;Default;Default;Default;Default;Default;Default;Default;Default;Default;Default;Default;Default;Default;DefaultJob;;1;Result;2;205678141.1;131072;1569.2
ModelBase_SetValue_Benchmark.SetStringValue;Catel.Benchmarks.ModelBase.SetValue;ModelBase_SetValue_Benchmark;SetStringValue;Default;Default;Default;Default;Default;Default;Default;Default;Default;Default;Default;Default;Default;Default;Default;Default;Default;Default;Default;Default;Default;Default;Default;Default;Default;Default;DefaultJob;;1;Result;3;204193605.68;131072;1557.87
ModelBase_SetValue_Benchmark.SetStringValue;Catel.Benchmarks.ModelBase.SetValue;ModelBase_SetValue_Benchmark;SetStringValue;Default;Default;Default;Default;Default;Default;Default;Default;Default;Default;Default;Default;Default;Default;Default;Default;Default;Default;Default;Default;Default;Default;Default;Default;Default;Default;DefaultJob;;1;Result;4;205113061.87;131072;1564.89
ModelBase_SetValue_Benchmark.SetStringValue;Catel.Benchmarks.ModelBase.SetValue;ModelBase_SetValue_Benchmark;SetStringValue;Default;Default;Default;Default;Default;Default;Default;Default;Default;Default;Default;Default;Default;Default;Default;Default;Default;Default;Default;Default;Default;Default;Default;Default;Default;Default;DefaultJob;;1;Result;5;203680348.66;131072;1553.96
ModelBase_SetValue_Benchmark.SetStringValue;Catel.Benchmarks.ModelBase.SetValue;ModelBase_SetValue_Benchmark;SetStringValue;Default;Default;Default;Default;Default;Default;Default;Default;Default;Default;Default;Default;Default;Default;Default;Default;Default;Default;Default;Default;Default;Default;Default;Default;Default;Default;DefaultJob;;1;Result;6;204092754.09;131072;1557.1
ModelBase_SetValue_Benchmark.SetStringValue;Catel.Benchmarks.ModelBase.SetValue;ModelBase_SetValue_Benchmark;SetStringValue;Default;Default;Default;Default;Default;Default;Default;Default;Default;Default;Default;Default;Default;Default;Default;Default;Default;Default;Default;Default;Default;Default;Default;Default;Default;Default;DefaultJob;;1;Result;7;204664970.5;131072;1561.47
ModelBase_SetValue_Benchmark.SetStringValue;Catel.Benchmarks.ModelBase.SetValue;ModelBase_SetValue_Benchmark;SetStringValue;Default;Default;Default;Default;Default;Default;Default;Default;Default;Default;Default;Default;Default;Default;Default;Default;Default;Default;Default;Default;Default;Default;Default;Default;Default;Default;DefaultJob;;1;Result;8;204308111.02;131072;1558.75
ModelBase_SetValue_Benchmark.SetStringValue;Catel.Benchmarks.ModelBase.SetValue;ModelBase_SetValue_Benchmark;SetStringValue;Default;Default;Default;Default;Default;Default;Default;Default;Default;Default;Default;Default;Default;Default;Default;Default;Default;Default;Default;Default;Default;Default;Default;Default;Default;Default;DefaultJob;;1;Result;9;204049000.01;131072;1556.77
ModelBase_SetValue_Benchmark.SetStringValue;Catel.Benchmarks.ModelBase.SetValue;ModelBase_SetValue_Benchmark;SetStringValue;Default;Default;Default;Default;Default;Default;Default;Default;Default;Default;Default;Default;Default;Default;Default;Default;Default;Default;Default;Default;Default;Default;Default;Default;Default;Default;DefaultJob;;1;Result;10;204175607.55;131072;1557.74
ModelBase_SetValue_Benchmark.SetStringValue;Catel.Benchmarks.ModelBase.SetValue;ModelBase_SetValue_Benchmark;SetStringValue;Default;Default;Default;Default;Default;Default;Default;Default;Default;Default;Default;Default;Default;Default;Default;Default;Default;Default;Default;Default;Default;Default;Default;Default;Default;Default;DefaultJob;;1;Result;11;205540982.93;131072;1568.15
ModelBase_SetValue_Benchmark.SetStringValue;Catel.Benchmarks.ModelBase.SetValue;ModelBase_SetValue_Benchmark;SetStringValue;Default;Default;Default;Default;Default;Default;Default;Default;Default;Default;Default;Default;Default;Default;Default;Default;Default;Default;Default;Default;Default;Default;Default;Default;Default;Default;DefaultJob;;1;Result;12;205192191.58;131072;1565.49
ModelBase_SetValue_Benchmark.SetStringValue;Catel.Benchmarks.ModelBase.SetValue;ModelBase_SetValue_Benchmark;SetStringValue;Default;Default;Default;Default;Default;Default;Default;Default;Default;Default;Default;Default;Default;Default;Default;Default;Default;Default;Default;Default;Default;Default;Default;Default;Default;Default;DefaultJob;;1;Result;13;204910738.07;131072;1563.34
ModelBase_SetValue_Benchmark.SetStringValue;Catel.Benchmarks.ModelBase.SetValue;ModelBase_SetValue_Benchmark;SetStringValue;Default;Default;Default;Default;Default;Default;Default;Default;Default;Default;Default;Default;Default;Default;Default;Default;Default;Default;Default;Default;Default;Default;Default;Default;Default;Default;DefaultJob;;1;Result;14;205641834.52;131072;1568.92
ModelBase_SetValue_Benchmark.SetStringValue;Catel.Benchmarks.ModelBase.SetValue;ModelBase_SetValue_Benchmark;SetStringValue;Default;Default;Default;Default;Default;Default;Default;Default;Default;Default;Default;Default;Default;Default;Default;Default;Default;Default;Default;Default;Default;Default;Default;Default;Default;Default;DefaultJob;;1;Result;15;203913703.72;131072;1555.74
ModelBase_SetValue_Benchmark.SetIntValue;Catel.Benchmarks.ModelBase.SetValue;ModelBase_SetValue_Benchmark;SetIntValue;Default;Default;Default;Default;Default;Default;Default;Default;Default;Default;Default;Default;Default;Default;Default;Default;Default;Default;Default;Default;Default;Default;Default;Default;Default;Default;DefaultJob;;1;Pilot;1;314036.34;16;19627.27
ModelBase_SetValue_Benchmark.SetIntValue;Catel.Benchmarks.ModelBase.SetValue;ModelBase_SetValue_Benchmark;SetIntValue;Default;Default;Default;Default;Default;Default;Default;Default;Default;Default;Default;Default;Default;Default;Default;Default;Default;Default;Default;Default;Default;Default;Default;Default;Default;Default;DefaultJob;;1;Pilot;2;108919.72;32;3403.74
ModelBase_SetValue_Benchmark.SetIntValue;Catel.Benchmarks.ModelBase.SetValue;ModelBase_SetValue_Benchmark;SetIntValue;Default;Default;Default;Default;Default;Default;Default;Default;Default;Default;Default;Default;Default;Default;Default;Default;Default;Default;Default;Default;Default;Default;Default;Default;Default;Default;DefaultJob;;1;Pilot;3;159810.98;64;2497.05
ModelBase_SetValue_Benchmark.SetIntValue;Catel.Benchmarks.ModelBase.SetValue;ModelBase_SetValue_Benchmark;SetIntValue;Default;Default;Default;Default;Default;Default;Default;Default;Default;Default;Default;Default;Default;Default;Default;Default;Default;Default;Default;Default;Default;Default;Default;Default;Default;Default;DefaultJob;;1;Pilot;4;253525.38;128;1980.67
ModelBase_SetValue_Benchmark.SetIntValue;Catel.Benchmarks.ModelBase.SetValue;ModelBase_SetValue_Benchmark;SetIntValue;Default;Default;Default;Default;Default;Default;Default;Default;Default;Default;Default;Default;Default;Default;Default;Default;Default;Default;Default;Default;Default;Default;Default;Default;Default;Default;DefaultJob;;1;Pilot;5;476329.82;256;1860.66
ModelBase_SetValue_Benchmark.SetIntValue;Catel.Benchmarks.ModelBase.SetValue;ModelBase_SetValue_Benchmark;SetIntValue;Default;Default;Default;Default;Default;Default;Default;Default;Default;Default;Default;Default;Default;Default;Default;Default;Default;Default;Default;Default;Default;Default;Default;Default;Default;Default;DefaultJob;;1;Pilot;6;912319.01;512;1781.87
ModelBase_SetValue_Benchmark.SetIntValue;Catel.Benchmarks.ModelBase.SetValue;ModelBase_SetValue_Benchmark;SetIntValue;Default;Default;Default;Default;Default;Default;Default;Default;Default;Default;Default;Default;Default;Default;Default;Default;Default;Default;Default;Default;Default;Default;Default;Default;Default;Default;DefaultJob;;1;Pilot;7;1792986.13;1024;1750.96
ModelBase_SetValue_Benchmark.SetIntValue;Catel.Benchmarks.ModelBase.SetValue;ModelBase_SetValue_Benchmark;SetIntValue;Default;Default;Default;Default;Default;Default;Default;Default;Default;Default;Default;Default;Default;Default;Default;Default;Default;Default;Default;Default;Default;Default;Default;Default;Default;Default;DefaultJob;;1;Pilot;8;3530426.3;2048;1723.84
ModelBase_SetValue_Benchmark.SetIntValue;Catel.Benchmarks.ModelBase.SetValue;ModelBase_SetValue_Benchmark;SetIntValue;Default;Default;Default;Default;Default;Default;Default;Default;Default;Default;Default;Default;Default;Default;Default;Default;Default;Default;Default;Default;Default;Default;Default;Default;Default;Default;DefaultJob;;1;Pilot;9;7079781.68;4096;1728.46
ModelBase_SetValue_Benchmark.SetIntValue;Catel.Benchmarks.ModelBase.SetValue;ModelBase_SetValue_Benchmark;SetIntValue;Default;Default;Default;Default;Default;Default;Default;Default;Default;Default;Default;Default;Default;Default;Default;Default;Default;Default;Default;Default;Default;Default;Default;Default;Default;Default;DefaultJob;;1;Pilot;10;14431707.49;8192;1761.68
ModelBase_SetValue_Benchmark.SetIntValue;Catel.Benchmarks.ModelBase.SetValue;ModelBase_SetValue_Benchmark;SetIntValue;Default;Default;Default;Default;Default;Default;Default;Default;Default;Default;Default;Default;Default;Default;Default;Default;Default;Default;Default;Default;Default;Default;Default;Default;Default;Default;DefaultJob;;1;Pilot;11;28731842.45;16384;1753.65
ModelBase_SetValue_Benchmark.SetIntValue;Catel.Benchmarks.ModelBase.SetValue;ModelBase_SetValue_Benchmark;SetIntValue;Default;Default;Default;Default;Default;Default;Default;Default;Default;Default;Default;Default;Default;Default;Default;Default;Default;Default;Default;Default;Default;Default;Default;Default;Default;Default;DefaultJob;;1;Pilot;12;55156200.5;32768;1683.23
ModelBase_SetValue_Benchmark.SetIntValue;Catel.Benchmarks.ModelBase.SetValue;ModelBase_SetValue_Benchmark;SetIntValue;Default;Default;Default;Default;Default;Default;Default;Default;Default;Default;Default;Default;Default;Default;Default;Default;Default;Default;Default;Default;Default;Default;Default;Default;Default;Default;DefaultJob;;1;Pilot;13;125855027.54;65536;1920.4
ModelBase_SetValue_Benchmark.SetIntValue;Catel.Benchmarks.ModelBase.SetValue;ModelBase_SetValue_Benchmark;SetIntValue;Default;Default;Default;Default;Default;Default;Default;Default;Default;Default;Default;Default;Default;Default;Default;Default;Default;Default;Default;Default;Default;Default;Default;Default;Default;Default;DefaultJob;;1;Pilot;14;219351279.12;131072;1673.52
ModelBase_SetValue_Benchmark.SetIntValue;Catel.Benchmarks.ModelBase.SetValue;ModelBase_SetValue_Benchmark;SetIntValue;Default;Default;Default;Default;Default;Default;Default;Default;Default;Default;Default;Default;Default;Default;Default;Default;Default;Default;Default;Default;Default;Default;Default;Default;Default;Default;DefaultJob;;1;IdleWarmup;1;263145.07;131072;2.01
ModelBase_SetValue_Benchmark.SetIntValue;Catel.Benchmarks.ModelBase.SetValue;ModelBase_SetValue_Benchmark;SetIntValue;Default;Default;Default;Default;Default;Default;Default;Default;Default;Default;Default;Default;Default;Default;Default;Default;Default;Default;Default;Default;Default;Default;Default;Default;Default;Default;DefaultJob;;1;IdleWarmup;2;256318.2;131072;1.96
ModelBase_SetValue_Benchmark.SetIntValue;Catel.Benchmarks.ModelBase.SetValue;ModelBase_SetValue_Benchmark;SetIntValue;Default;Default;Default;Default;Default;Default;Default;Default;Default;Default;Default;Default;Default;Default;Default;Default;Default;Default;Default;Default;Default;Default;Default;Default;Default;Default;DefaultJob;;1;IdleWarmup;3;256318.2;131072;1.96
ModelBase_SetValue_Benchmark.SetIntValue;Catel.Benchmarks.ModelBase.SetValue;ModelBase_SetValue_Benchmark;SetIntValue;Default;Default;Default;Default;Default;Default;Default;Default;Default;Default;Default;Default;Default;Default;Default;Default;Default;Default;Default;Default;Default;Default;Default;Default;Default;Default;DefaultJob;;1;IdleWarmup;4;256628.51;131072;1.96
ModelBase_SetValue_Benchmark.SetIntValue;Catel.Benchmarks.ModelBase.SetValue;ModelBase_SetValue_Benchmark;SetIntValue;Default;Default;Default;Default;Default;Default;Default;Default;Default;Default;Default;Default;Default;Default;Default;Default;Default;Default;Default;Default;Default;Default;Default;Default;Default;Default;DefaultJob;;1;IdleWarmup;5;256628.51;131072;1.96
ModelBase_SetValue_Benchmark.SetIntValue;Catel.Benchmarks.ModelBase.SetValue;ModelBase_SetValue_Benchmark;SetIntValue;Default;Default;Default;Default;Default;Default;Default;Default;Default;Default;Default;Default;Default;Default;Default;Default;Default;Default;Default;Default;Default;Default;Default;Default;Default;Default;DefaultJob;;1;IdleWarmup;6;256628.51;131072;1.96
ModelBase_SetValue_Benchmark.SetIntValue;Catel.Benchmarks.ModelBase.SetValue;ModelBase_SetValue_Benchmark;SetIntValue;Default;Default;Default;Default;Default;Default;Default;Default;Default;Default;Default;Default;Default;Default;Default;Default;Default;Default;Default;Default;Default;Default;Default;Default;Default;Default;DefaultJob;;1;IdleTarget;1;257869.76;131072;1.97
ModelBase_SetValue_Benchmark.SetIntValue;Catel.Benchmarks.ModelBase.SetValue;ModelBase_SetValue_Benchmark;SetIntValue;Default;Default;Default;Default;Default;Default;Default;Default;Default;Default;Default;Default;Default;Default;Default;Default;Default;Default;Default;Default;Default;Default;Default;Default;Default;Default;DefaultJob;;1;IdleTarget;2;259421.32;131072;1.98
ModelBase_SetValue_Benchmark.SetIntValue;Catel.Benchmarks.ModelBase.SetValue;ModelBase_SetValue_Benchmark;SetIntValue;Default;Default;Default;Default;Default;Default;Default;Default;Default;Default;Default;Default;Default;Default;Default;Default;Default;Default;Default;Default;Default;Default;Default;Default;Default;Default;DefaultJob;;1;IdleTarget;3;260352.26;131072;1.99
ModelBase_SetValue_Benchmark.SetIntValue;Catel.Benchmarks.ModelBase.SetValue;ModelBase_SetValue_Benchmark;SetIntValue;Default;Default;Default;Default;Default;Default;Default;Default;Default;Default;Default;Default;Default;Default;Default;Default;Default;Default;Default;Default;Default;Default;Default;Default;Default;Default;DefaultJob;;1;IdleTarget;4;260662.57;131072;1.99
ModelBase_SetValue_Benchmark.SetIntValue;Catel.Benchmarks.ModelBase.SetValue;ModelBase_SetValue_Benchmark;SetIntValue;Default;Default;Default;Default;Default;Default;Default;Default;Default;Default;Default;Default;Default;Default;Default;Default;Default;Default;Default;Default;Default;Default;Default;Default;Default;Default;DefaultJob;;1;IdleTarget;5;260041.95;131072;1.98
ModelBase_SetValue_Benchmark.SetIntValue;Catel.Benchmarks.ModelBase.SetValue;ModelBase_SetValue_Benchmark;SetIntValue;Default;Default;Default;Default;Default;Default;Default;Default;Default;Default;Default;Default;Default;Default;Default;Default;Default;Default;Default;Default;Default;Default;Default;Default;Default;Default;DefaultJob;;1;IdleTarget;6;260662.57;131072;1.99
ModelBase_SetValue_Benchmark.SetIntValue;Catel.Benchmarks.ModelBase.SetValue;ModelBase_SetValue_Benchmark;SetIntValue;Default;Default;Default;Default;Default;Default;Default;Default;Default;Default;Default;Default;Default;Default;Default;Default;Default;Default;Default;Default;Default;Default;Default;Default;Default;Default;DefaultJob;;1;IdleTarget;7;260352.26;131072;1.99
ModelBase_SetValue_Benchmark.SetIntValue;Catel.Benchmarks.ModelBase.SetValue;ModelBase_SetValue_Benchmark;SetIntValue;Default;Default;Default;Default;Default;Default;Default;Default;Default;Default;Default;Default;Default;Default;Default;Default;Default;Default;Default;Default;Default;Default;Default;Default;Default;Default;DefaultJob;;1;IdleTarget;8;259421.32;131072;1.98
ModelBase_SetValue_Benchmark.SetIntValue;Catel.Benchmarks.ModelBase.SetValue;ModelBase_SetValue_Benchmark;SetIntValue;Default;Default;Default;Default;Default;Default;Default;Default;Default;Default;Default;Default;Default;Default;Default;Default;Default;Default;Default;Default;Default;Default;Default;Default;Default;Default;DefaultJob;;1;IdleTarget;9;258800.7;131072;1.97
ModelBase_SetValue_Benchmark.SetIntValue;Catel.Benchmarks.ModelBase.SetValue;ModelBase_SetValue_Benchmark;SetIntValue;Default;Default;Default;Default;Default;Default;Default;Default;Default;Default;Default;Default;Default;Default;Default;Default;Default;Default;Default;Default;Default;Default;Default;Default;Default;Default;DefaultJob;;1;IdleTarget;10;263145.07;131072;2.01
ModelBase_SetValue_Benchmark.SetIntValue;Catel.Benchmarks.ModelBase.SetValue;ModelBase_SetValue_Benchmark;SetIntValue;Default;Default;Default;Default;Default;Default;Default;Default;Default;Default;Default;Default;Default;Default;Default;Default;Default;Default;Default;Default;Default;Default;Default;Default;Default;Default;DefaultJob;;1;IdleTarget;11;324897.28;131072;2.48
ModelBase_SetValue_Benchmark.SetIntValue;Catel.Benchmarks.ModelBase.SetValue;ModelBase_SetValue_Benchmark;SetIntValue;Default;Default;Default;Default;Default;Default;Default;Default;Default;Default;Default;Default;Default;Default;Default;Default;Default;Default;Default;Default;Default;Default;Default;Default;Default;Default;DefaultJob;;1;IdleTarget;12;256318.2;131072;1.96
ModelBase_SetValue_Benchmark.SetIntValue;Catel.Benchmarks.ModelBase.SetValue;ModelBase_SetValue_Benchmark;SetIntValue;Default;Default;Default;Default;Default;Default;Default;Default;Default;Default;Default;Default;Default;Default;Default;Default;Default;Default;Default;Default;Default;Default;Default;Default;Default;Default;DefaultJob;;1;IdleTarget;13;261593.51;131072;2
ModelBase_SetValue_Benchmark.SetIntValue;Catel.Benchmarks.ModelBase.SetValue;ModelBase_SetValue_Benchmark;SetIntValue;Default;Default;Default;Default;Default;Default;Default;Default;Default;Default;Default;Default;Default;Default;Default;Default;Default;Default;Default;Default;Default;Default;Default;Default;Default;Default;DefaultJob;;1;IdleTarget;14;260352.26;131072;1.99
ModelBase_SetValue_Benchmark.SetIntValue;Catel.Benchmarks.ModelBase.SetValue;ModelBase_SetValue_Benchmark;SetIntValue;Default;Default;Default;Default;Default;Default;Default;Default;Default;Default;Default;Default;Default;Default;Default;Default;Default;Default;Default;Default;Default;Default;Default;Default;Default;Default;DefaultJob;;1;IdleTarget;15;256628.51;131072;1.96
ModelBase_SetValue_Benchmark.SetIntValue;Catel.Benchmarks.ModelBase.SetValue;ModelBase_SetValue_Benchmark;SetIntValue;Default;Default;Default;Default;Default;Default;Default;Default;Default;Default;Default;Default;Default;Default;Default;Default;Default;Default;Default;Default;Default;Default;Default;Default;Default;Default;DefaultJob;;1;MainWarmup;1;218210880.37;131072;1664.82
ModelBase_SetValue_Benchmark.SetIntValue;Catel.Benchmarks.ModelBase.SetValue;ModelBase_SetValue_Benchmark;SetIntValue;Default;Default;Default;Default;Default;Default;Default;Default;Default;Default;Default;Default;Default;Default;Default;Default;Default;Default;Default;Default;Default;Default;Default;Default;Default;Default;DefaultJob;;1;MainWarmup;2;218664867.68;131072;1668.28
ModelBase_SetValue_Benchmark.SetIntValue;Catel.Benchmarks.ModelBase.SetValue;ModelBase_SetValue_Benchmark;SetIntValue;Default;Default;Default;Default;Default;Default;Default;Default;Default;Default;Default;Default;Default;Default;Default;Default;Default;Default;Default;Default;Default;Default;Default;Default;Default;Default;DefaultJob;;1;MainWarmup;3;220096339.65;131072;1679.2
ModelBase_SetValue_Benchmark.SetIntValue;Catel.Benchmarks.ModelBase.SetValue;ModelBase_SetValue_Benchmark;SetIntValue;Default;Default;Default;Default;Default;Default;Default;Default;Default;Default;Default;Default;Default;Default;Default;Default;Default;Default;Default;Default;Default;Default;Default;Default;Default;Default;DefaultJob;;1;MainWarmup;4;224104647.33;131072;1709.78
ModelBase_SetValue_Benchmark.SetIntValue;Catel.Benchmarks.ModelBase.SetValue;ModelBase_SetValue_Benchmark;SetIntValue;Default;Default;Default;Default;Default;Default;Default;Default;Default;Default;Default;Default;Default;Default;Default;Default;Default;Default;Default;Default;Default;Default;Default;Default;Default;Default;DefaultJob;;1;MainWarmup;5;225801746.87;131072;1722.73
ModelBase_SetValue_Benchmark.SetIntValue;Catel.Benchmarks.ModelBase.SetValue;ModelBase_SetValue_Benchmark;SetIntValue;Default;Default;Default;Default;Default;Default;Default;Default;Default;Default;Default;Default;Default;Default;Default;Default;Default;Default;Default;Default;Default;Default;Default;Default;Default;Default;DefaultJob;;1;MainWarmup;6;274379941.15;131072;2093.35
ModelBase_SetValue_Benchmark.SetIntValue;Catel.Benchmarks.ModelBase.SetValue;ModelBase_SetValue_Benchmark;SetIntValue;Default;Default;Default;Default;Default;Default;Default;Default;Default;Default;Default;Default;Default;Default;Default;Default;Default;Default;Default;Default;Default;Default;Default;Default;Default;Default;DefaultJob;;1;MainWarmup;7;260444423.48;131072;1987.03
ModelBase_SetValue_Benchmark.SetIntValue;Catel.Benchmarks.ModelBase.SetValue;ModelBase_SetValue_Benchmark;SetIntValue;Default;Default;Default;Default;Default;Default;Default;Default;Default;Default;Default;Default;Default;Default;Default;Default;Default;Default;Default;Default;Default;Default;Default;Default;Default;Default;DefaultJob;;1;MainWarmup;8;240057196.82;131072;1831.49
ModelBase_SetValue_Benchmark.SetIntValue;Catel.Benchmarks.ModelBase.SetValue;ModelBase_SetValue_Benchmark;SetIntValue;Default;Default;Default;Default;Default;Default;Default;Default;Default;Default;Default;Default;Default;Default;Default;Default;Default;Default;Default;Default;Default;Default;Default;Default;Default;Default;DefaultJob;;1;MainWarmup;9;220002625.24;131072;1678.49
ModelBase_SetValue_Benchmark.SetIntValue;Catel.Benchmarks.ModelBase.SetValue;ModelBase_SetValue_Benchmark;SetIntValue;Default;Default;Default;Default;Default;Default;Default;Default;Default;Default;Default;Default;Default;Default;Default;Default;Default;Default;Default;Default;Default;Default;Default;Default;Default;Default;DefaultJob;;1;MainWarmup;10;232649725.05;131072;1774.98
ModelBase_SetValue_Benchmark.SetIntValue;Catel.Benchmarks.ModelBase.SetValue;ModelBase_SetValue_Benchmark;SetIntValue;Default;Default;Default;Default;Default;Default;Default;Default;Default;Default;Default;Default;Default;Default;Default;Default;Default;Default;Default;Default;Default;Default;Default;Default;Default;Default;DefaultJob;;1;MainWarmup;11;222342692.46;131072;1696.34
ModelBase_SetValue_Benchmark.SetIntValue;Catel.Benchmarks.ModelBase.SetValue;ModelBase_SetValue_Benchmark;SetIntValue;Default;Default;Default;Default;Default;Default;Default;Default;Default;Default;Default;Default;Default;Default;Default;Default;Default;Default;Default;Default;Default;Default;Default;Default;Default;Default;DefaultJob;;1;MainTarget;1;222361931.84;131072;1696.49
ModelBase_SetValue_Benchmark.SetIntValue;Catel.Benchmarks.ModelBase.SetValue;ModelBase_SetValue_Benchmark;SetIntValue;Default;Default;Default;Default;Default;Default;Default;Default;Default;Default;Default;Default;Default;Default;Default;Default;Default;Default;Default;Default;Default;Default;Default;Default;Default;Default;DefaultJob;;1;MainTarget;2;256296475.13;131072;1955.39
ModelBase_SetValue_Benchmark.SetIntValue;Catel.Benchmarks.ModelBase.SetValue;ModelBase_SetValue_Benchmark;SetIntValue;Default;Default;Default;Default;Default;Default;Default;Default;Default;Default;Default;Default;Default;Default;Default;Default;Default;Default;Default;Default;Default;Default;Default;Default;Default;Default;DefaultJob;;1;MainTarget;3;218779062.71;131072;1669.15
ModelBase_SetValue_Benchmark.SetIntValue;Catel.Benchmarks.ModelBase.SetValue;ModelBase_SetValue_Benchmark;SetIntValue;Default;Default;Default;Default;Default;Default;Default;Default;Default;Default;Default;Default;Default;Default;Default;Default;Default;Default;Default;Default;Default;Default;Default;Default;Default;Default;DefaultJob;;1;MainTarget;4;222676588.81;131072;1698.89
ModelBase_SetValue_Benchmark.SetIntValue;Catel.Benchmarks.ModelBase.SetValue;ModelBase_SetValue_Benchmark;SetIntValue;Default;Default;Default;Default;Default;Default;Default;Default;Default;Default;Default;Default;Default;Default;Default;Default;Default;Default;Default;Default;Default;Default;Default;Default;Default;Default;DefaultJob;;1;MainTarget;5;218468129.5;131072;1666.78
ModelBase_SetValue_Benchmark.SetIntValue;Catel.Benchmarks.ModelBase.SetValue;ModelBase_SetValue_Benchmark;SetIntValue;Default;Default;Default;Default;Default;Default;Default;Default;Default;Default;Default;Default;Default;Default;Default;Default;Default;Default;Default;Default;Default;Default;Default;Default;Default;Default;DefaultJob;;1;MainTarget;6;218162161.29;131072;1664.45
ModelBase_SetValue_Benchmark.SetIntValue;Catel.Benchmarks.ModelBase.SetValue;ModelBase_SetValue_Benchmark;SetIntValue;Default;Default;Default;Default;Default;Default;Default;Default;Default;Default;Default;Default;Default;Default;Default;Default;Default;Default;Default;Default;Default;Default;Default;Default;Default;Default;DefaultJob;;1;MainTarget;7;219587427;131072;1675.32
ModelBase_SetValue_Benchmark.SetIntValue;Catel.Benchmarks.ModelBase.SetValue;ModelBase_SetValue_Benchmark;SetIntValue;Default;Default;Default;Default;Default;Default;Default;Default;Default;Default;Default;Default;Default;Default;Default;Default;Default;Default;Default;Default;Default;Default;Default;Default;Default;Default;DefaultJob;;1;MainTarget;8;218834298.35;131072;1669.57
ModelBase_SetValue_Benchmark.SetIntValue;Catel.Benchmarks.ModelBase.SetValue;ModelBase_SetValue_Benchmark;SetIntValue;Default;Default;Default;Default;Default;Default;Default;Default;Default;Default;Default;Default;Default;Default;Default;Default;Default;Default;Default;Default;Default;Default;Default;Default;Default;Default;DefaultJob;;1;MainTarget;9;218649662.36;131072;1668.16
ModelBase_SetValue_Benchmark.SetIntValue;Catel.Benchmarks.ModelBase.SetValue;ModelBase_SetValue_Benchmark;SetIntValue;Default;Default;Default;Default;Default;Default;Default;Default;Default;Default;Default;Default;Default;Default;Default;Default;Default;Default;Default;Default;Default;Default;Default;Default;Default;Default;DefaultJob;;1;MainTarget;10;237007755.02;131072;1808.23
ModelBase_SetValue_Benchmark.SetIntValue;Catel.Benchmarks.ModelBase.SetValue;ModelBase_SetValue_Benchmark;SetIntValue;Default;Default;Default;Default;Default;Default;Default;Default;Default;Default;Default;Default;Default;Default;Default;Default;Default;Default;Default;Default;Default;Default;Default;Default;Default;Default;DefaultJob;;1;MainTarget;11;220761339.52;131072;1684.28
ModelBase_SetValue_Benchmark.SetIntValue;Catel.Benchmarks.ModelBase.SetValue;ModelBase_SetValue_Benchmark;SetIntValue;Default;Default;Default;Default;Default;Default;Default;Default;Default;Default;Default;Default;Default;Default;Default;Default;Default;Default;Default;Default;Default;Default;Default;Default;Default;Default;DefaultJob;;1;MainTarget;12;218408549.48;131072;1666.32
ModelBase_SetValue_Benchmark.SetIntValue;Catel.Benchmarks.ModelBase.SetValue;ModelBase_SetValue_Benchmark;SetIntValue;Default;Default;Default;Default;Default;Default;Default;Default;Default;Default;Default;Default;Default;Default;Default;Default;Default;Default;Default;Default;Default;Default;Default;Default;Default;Default;DefaultJob;;1;MainTarget;13;230655035.74;131072;1759.76
ModelBase_SetValue_Benchmark.SetIntValue;Catel.Benchmarks.ModelBase.SetValue;ModelBase_SetValue_Benchmark;SetIntValue;Default;Default;Default;Default;Default;Default;Default;Default;Default;Default;Default;Default;Default;Default;Default;Default;Default;Default;Default;Default;Default;Default;Default;Default;Default;Default;DefaultJob;;1;MainTarget;14;218055413.76;131072;1663.63
ModelBase_SetValue_Benchmark.SetIntValue;Catel.Benchmarks.ModelBase.SetValue;ModelBase_SetValue_Benchmark;SetIntValue;Default;Default;Default;Default;Default;Default;Default;Default;Default;Default;Default;Default;Default;Default;Default;Default;Default;Default;Default;Default;Default;Default;Default;Default;Default;Default;DefaultJob;;1;MainTarget;15;219727998.6;131072;1676.39
ModelBase_SetValue_Benchmark.SetIntValue;Catel.Benchmarks.ModelBase.SetValue;ModelBase_SetValue_Benchmark;SetIntValue;Default;Default;Default;Default;Default;Default;Default;Default;Default;Default;Default;Default;Default;Default;Default;Default;Default;Default;Default;Default;Default;Default;Default;Default;Default;Default;DefaultJob;;1;Result;1;222097897.21;131072;1694.47
ModelBase_SetValue_Benchmark.SetIntValue;Catel.Benchmarks.ModelBase.SetValue;ModelBase_SetValue_Benchmark;SetIntValue;Default;Default;Default;Default;Default;Default;Default;Default;Default;Default;Default;Default;Default;Default;Default;Default;Default;Default;Default;Default;Default;Default;Default;Default;Default;Default;DefaultJob;;1;Result;2;218515028.08;131072;1667.14
ModelBase_SetValue_Benchmark.SetIntValue;Catel.Benchmarks.ModelBase.SetValue;ModelBase_SetValue_Benchmark;SetIntValue;Default;Default;Default;Default;Default;Default;Default;Default;Default;Default;Default;Default;Default;Default;Default;Default;Default;Default;Default;Default;Default;Default;Default;Default;Default;Default;DefaultJob;;1;Result;3;222412554.17;131072;1696.87
ModelBase_SetValue_Benchmark.SetIntValue;Catel.Benchmarks.ModelBase.SetValue;ModelBase_SetValue_Benchmark;SetIntValue;Default;Default;Default;Default;Default;Default;Default;Default;Default;Default;Default;Default;Default;Default;Default;Default;Default;Default;Default;Default;Default;Default;Default;Default;Default;Default;DefaultJob;;1;Result;4;218204094.86;131072;1664.77
ModelBase_SetValue_Benchmark.SetIntValue;Catel.Benchmarks.ModelBase.SetValue;ModelBase_SetValue_Benchmark;SetIntValue;Default;Default;Default;Default;Default;Default;Default;Default;Default;Default;Default;Default;Default;Default;Default;Default;Default;Default;Default;Default;Default;Default;Default;Default;Default;Default;DefaultJob;;1;Result;5;217898126.65;131072;1662.43
ModelBase_SetValue_Benchmark.SetIntValue;Catel.Benchmarks.ModelBase.SetValue;ModelBase_SetValue_Benchmark;SetIntValue;Default;Default;Default;Default;Default;Default;Default;Default;Default;Default;Default;Default;Default;Default;Default;Default;Default;Default;Default;Default;Default;Default;Default;Default;Default;Default;DefaultJob;;1;Result;6;219323392.37;131072;1673.3
ModelBase_SetValue_Benchmark.SetIntValue;Catel.Benchmarks.ModelBase.SetValue;ModelBase_SetValue_Benchmark;SetIntValue;Default;Default;Default;Default;Default;Default;Default;Default;Default;Default;Default;Default;Default;Default;Default;Default;Default;Default;Default;Default;Default;Default;Default;Default;Default;Default;DefaultJob;;1;Result;7;218570263.72;131072;1667.56
ModelBase_SetValue_Benchmark.SetIntValue;Catel.Benchmarks.ModelBase.SetValue;ModelBase_SetValue_Benchmark;SetIntValue;Default;Default;Default;Default;Default;Default;Default;Default;Default;Default;Default;Default;Default;Default;Default;Default;Default;Default;Default;Default;Default;Default;Default;Default;Default;Default;DefaultJob;;1;Result;8;218385627.73;131072;1666.15
ModelBase_SetValue_Benchmark.SetIntValue;Catel.Benchmarks.ModelBase.SetValue;ModelBase_SetValue_Benchmark;SetIntValue;Default;Default;Default;Default;Default;Default;Default;Default;Default;Default;Default;Default;Default;Default;Default;Default;Default;Default;Default;Default;Default;Default;Default;Default;Default;Default;DefaultJob;;1;Result;9;220497304.88;131072;1682.26
ModelBase_SetValue_Benchmark.SetIntValue;Catel.Benchmarks.ModelBase.SetValue;ModelBase_SetValue_Benchmark;SetIntValue;Default;Default;Default;Default;Default;Default;Default;Default;Default;Default;Default;Default;Default;Default;Default;Default;Default;Default;Default;Default;Default;Default;Default;Default;Default;Default;DefaultJob;;1;Result;10;218144514.85;131072;1664.31
ModelBase_SetValue_Benchmark.SetIntValue;Catel.Benchmarks.ModelBase.SetValue;ModelBase_SetValue_Benchmark;SetIntValue;Default;Default;Default;Default;Default;Default;Default;Default;Default;Default;Default;Default;Default;Default;Default;Default;Default;Default;Default;Default;Default;Default;Default;Default;Default;Default;DefaultJob;;1;Result;11;217791379.12;131072;1661.62
ModelBase_SetValue_Benchmark.SetIntValue;Catel.Benchmarks.ModelBase.SetValue;ModelBase_SetValue_Benchmark;SetIntValue;Default;Default;Default;Default;Default;Default;Default;Default;Default;Default;Default;Default;Default;Default;Default;Default;Default;Default;Default;Default;Default;Default;Default;Default;Default;Default;DefaultJob;;1;Result;12;219463963.97;131072;1674.38
ModelBase_SetValue_Benchmark.SetBoolValue;Catel.Benchmarks.ModelBase.SetValue;ModelBase_SetValue_Benchmark;SetBoolValue;Default;Default;Default;Default;Default;Default;Default;Default;Default;Default;Default;Default;Default;Default;Default;Default;Default;Default;Default;Default;Default;Default;Default;Default;Default;Default;DefaultJob;;1;Pilot;1;320242.59;16;20015.16
ModelBase_SetValue_Benchmark.SetBoolValue;Catel.Benchmarks.ModelBase.SetValue;ModelBase_SetValue_Benchmark;SetBoolValue;Default;Default;Default;Default;Default;Default;Default;Default;Default;Default;Default;Default;Default;Default;Default;Default;Default;Default;Default;Default;Default;Default;Default;Default;Default;Default;DefaultJob;;1;Pilot;2;103954.72;32;3248.59
ModelBase_SetValue_Benchmark.SetBoolValue;Catel.Benchmarks.ModelBase.SetValue;ModelBase_SetValue_Benchmark;SetBoolValue;Default;Default;Default;Default;Default;Default;Default;Default;Default;Default;Default;Default;Default;Default;Default;Default;Default;Default;Default;Default;Default;Default;Default;Default;Default;Default;DefaultJob;;1;Pilot;3;164775.98;64;2574.62
ModelBase_SetValue_Benchmark.SetBoolValue;Catel.Benchmarks.ModelBase.SetValue;ModelBase_SetValue_Benchmark;SetBoolValue;Default;Default;Default;Default;Default;Default;Default;Default;Default;Default;Default;Default;Default;Default;Default;Default;Default;Default;Default;Default;Default;Default;Default;Default;Default;Default;DefaultJob;;1;Pilot;4;252904.76;128;1975.82
ModelBase_SetValue_Benchmark.SetBoolValue;Catel.Benchmarks.ModelBase.SetValue;ModelBase_SetValue_Benchmark;SetBoolValue;Default;Default;Default;Default;Default;Default;Default;Default;Default;Default;Default;Default;Default;Default;Default;Default;Default;Default;Default;Default;Default;Default;Default;Default;Default;Default;DefaultJob;;1;Pilot;5;493397.01;256;1927.33
ModelBase_SetValue_Benchmark.SetBoolValue;Catel.Benchmarks.ModelBase.SetValue;ModelBase_SetValue_Benchmark;SetBoolValue;Default;Default;Default;Default;Default;Default;Default;Default;Default;Default;Default;Default;Default;Default;Default;Default;Default;Default;Default;Default;Default;Default;Default;Default;Default;Default;DefaultJob;;1;Pilot;6;867013.37;512;1693.39
ModelBase_SetValue_Benchmark.SetBoolValue;Catel.Benchmarks.ModelBase.SetValue;ModelBase_SetValue_Benchmark;SetBoolValue;Default;Default;Default;Default;Default;Default;Default;Default;Default;Default;Default;Default;Default;Default;Default;Default;Default;Default;Default;Default;Default;Default;Default;Default;Default;Default;DefaultJob;;1;Pilot;7;1701133.6;1024;1661.26
ModelBase_SetValue_Benchmark.SetBoolValue;Catel.Benchmarks.ModelBase.SetValue;ModelBase_SetValue_Benchmark;SetBoolValue;Default;Default;Default;Default;Default;Default;Default;Default;Default;Default;Default;Default;Default;Default;Default;Default;Default;Default;Default;Default;Default;Default;Default;Default;Default;Default;DefaultJob;;1;Pilot;8;3321896.25;2048;1622.02
ModelBase_SetValue_Benchmark.SetBoolValue;Catel.Benchmarks.ModelBase.SetValue;ModelBase_SetValue_Benchmark;SetBoolValue;Default;Default;Default;Default;Default;Default;Default;Default;Default;Default;Default;Default;Default;Default;Default;Default;Default;Default;Default;Default;Default;Default;Default;Default;Default;Default;DefaultJob;;1;Pilot;9;6666755.62;4096;1627.63
ModelBase_SetValue_Benchmark.SetBoolValue;Catel.Benchmarks.ModelBase.SetValue;ModelBase_SetValue_Benchmark;SetBoolValue;Default;Default;Default;Default;Default;Default;Default;Default;Default;Default;Default;Default;Default;Default;Default;Default;Default;Default;Default;Default;Default;Default;Default;Default;Default;Default;DefaultJob;;1;Pilot;10;13483392.23;8192;1645.92
ModelBase_SetValue_Benchmark.SetBoolValue;Catel.Benchmarks.ModelBase.SetValue;ModelBase_SetValue_Benchmark;SetBoolValue;Default;Default;Default;Default;Default;Default;Default;Default;Default;Default;Default;Default;Default;Default;Default;Default;Default;Default;Default;Default;Default;Default;Default;Default;Default;Default;DefaultJob;;1;Pilot;11;27020778.84;16384;1649.22
ModelBase_SetValue_Benchmark.SetBoolValue;Catel.Benchmarks.ModelBase.SetValue;ModelBase_SetValue_Benchmark;SetBoolValue;Default;Default;Default;Default;Default;Default;Default;Default;Default;Default;Default;Default;Default;Default;Default;Default;Default;Default;Default;Default;Default;Default;Default;Default;Default;Default;DefaultJob;;1;Pilot;12;52009630.86;32768;1587.21
ModelBase_SetValue_Benchmark.SetBoolValue;Catel.Benchmarks.ModelBase.SetValue;ModelBase_SetValue_Benchmark;SetBoolValue;Default;Default;Default;Default;Default;Default;Default;Default;Default;Default;Default;Default;Default;Default;Default;Default;Default;Default;Default;Default;Default;Default;Default;Default;Default;Default;DefaultJob;;1;Pilot;13;111007190.87;65536;1693.84
ModelBase_SetValue_Benchmark.SetBoolValue;Catel.Benchmarks.ModelBase.SetValue;ModelBase_SetValue_Benchmark;SetBoolValue;Default;Default;Default;Default;Default;Default;Default;Default;Default;Default;Default;Default;Default;Default;Default;Default;Default;Default;Default;Default;Default;Default;Default;Default;Default;Default;DefaultJob;;1;Pilot;14;206259811.7;131072;1573.64
ModelBase_SetValue_Benchmark.SetBoolValue;Catel.Benchmarks.ModelBase.SetValue;ModelBase_SetValue_Benchmark;SetBoolValue;Default;Default;Default;Default;Default;Default;Default;Default;Default;Default;Default;Default;Default;Default;Default;Default;Default;Default;Default;Default;Default;Default;Default;Default;Default;Default;DefaultJob;;1;IdleWarmup;1;277109.14;131072;2.11
ModelBase_SetValue_Benchmark.SetBoolValue;Catel.Benchmarks.ModelBase.SetValue;ModelBase_SetValue_Benchmark;SetBoolValue;Default;Default;Default;Default;Default;Default;Default;Default;Default;Default;Default;Default;Default;Default;Default;Default;Default;Default;Default;Default;Default;Default;Default;Default;Default;Default;DefaultJob;;1;IdleWarmup;2;256628.51;131072;1.96
ModelBase_SetValue_Benchmark.SetBoolValue;Catel.Benchmarks.ModelBase.SetValue;ModelBase_SetValue_Benchmark;SetBoolValue;Default;Default;Default;Default;Default;Default;Default;Default;Default;Default;Default;Default;Default;Default;Default;Default;Default;Default;Default;Default;Default;Default;Default;Default;Default;Default;DefaultJob;;1;IdleWarmup;3;256628.51;131072;1.96
ModelBase_SetValue_Benchmark.SetBoolValue;Catel.Benchmarks.ModelBase.SetValue;ModelBase_SetValue_Benchmark;SetBoolValue;Default;Default;Default;Default;Default;Default;Default;Default;Default;Default;Default;Default;Default;Default;Default;Default;Default;Default;Default;Default;Default;Default;Default;Default;Default;Default;DefaultJob;;1;IdleWarmup;4;256318.2;131072;1.96
ModelBase_SetValue_Benchmark.SetBoolValue;Catel.Benchmarks.ModelBase.SetValue;ModelBase_SetValue_Benchmark;SetBoolValue;Default;Default;Default;Default;Default;Default;Default;Default;Default;Default;Default;Default;Default;Default;Default;Default;Default;Default;Default;Default;Default;Default;Default;Default;Default;Default;DefaultJob;;1;IdleWarmup;5;263455.39;131072;2.01
ModelBase_SetValue_Benchmark.SetBoolValue;Catel.Benchmarks.ModelBase.SetValue;ModelBase_SetValue_Benchmark;SetBoolValue;Default;Default;Default;Default;Default;Default;Default;Default;Default;Default;Default;Default;Default;Default;Default;Default;Default;Default;Default;Default;Default;Default;Default;Default;Default;Default;DefaultJob;;1;IdleWarmup;6;256628.51;131072;1.96
ModelBase_SetValue_Benchmark.SetBoolValue;Catel.Benchmarks.ModelBase.SetValue;ModelBase_SetValue_Benchmark;SetBoolValue;Default;Default;Default;Default;Default;Default;Default;Default;Default;Default;Default;Default;Default;Default;Default;Default;Default;Default;Default;Default;Default;Default;Default;Default;Default;Default;DefaultJob;;1;IdleTarget;1;263765.7;131072;2.01
ModelBase_SetValue_Benchmark.SetBoolValue;Catel.Benchmarks.ModelBase.SetValue;ModelBase_SetValue_Benchmark;SetBoolValue;Default;Default;Default;Default;Default;Default;Default;Default;Default;Default;Default;Default;Default;Default;Default;Default;Default;Default;Default;Default;Default;Default;Default;Default;Default;Default;DefaultJob;;1;IdleTarget;2;260352.26;131072;1.99
ModelBase_SetValue_Benchmark.SetBoolValue;Catel.Benchmarks.ModelBase.SetValue;ModelBase_SetValue_Benchmark;SetBoolValue;Default;Default;Default;Default;Default;Default;Default;Default;Default;Default;Default;Default;Default;Default;Default;Default;Default;Default;Default;Default;Default;Default;Default;Default;Default;Default;DefaultJob;;1;IdleTarget;3;272144.14;131072;2.08
ModelBase_SetValue_Benchmark.SetBoolValue;Catel.Benchmarks.ModelBase.SetValue;ModelBase_SetValue_Benchmark;SetBoolValue;Default;Default;Default;Default;Default;Default;Default;Default;Default;Default;Default;Default;Default;Default;Default;Default;Default;Default;Default;Default;Default;Default;Default;Default;Default;Default;DefaultJob;;1;IdleTarget;4;260662.57;131072;1.99
ModelBase_SetValue_Benchmark.SetBoolValue;Catel.Benchmarks.ModelBase.SetValue;ModelBase_SetValue_Benchmark;SetBoolValue;Default;Default;Default;Default;Default;Default;Default;Default;Default;Default;Default;Default;Default;Default;Default;Default;Default;Default;Default;Default;Default;Default;Default;Default;Default;Default;DefaultJob;;1;IdleTarget;5;303796.02;131072;2.32
ModelBase_SetValue_Benchmark.SetBoolValue;Catel.Benchmarks.ModelBase.SetValue;ModelBase_SetValue_Benchmark;SetBoolValue;Default;Default;Default;Default;Default;Default;Default;Default;Default;Default;Default;Default;Default;Default;Default;Default;Default;Default;Default;Default;Default;Default;Default;Default;Default;Default;DefaultJob;;1;IdleTarget;6;270902.89;131072;2.07
ModelBase_SetValue_Benchmark.SetBoolValue;Catel.Benchmarks.ModelBase.SetValue;ModelBase_SetValue_Benchmark;SetBoolValue;Default;Default;Default;Default;Default;Default;Default;Default;Default;Default;Default;Default;Default;Default;Default;Default;Default;Default;Default;Default;Default;Default;Default;Default;Default;Default;DefaultJob;;1;IdleTarget;7;273385.39;131072;2.09
ModelBase_SetValue_Benchmark.SetBoolValue;Catel.Benchmarks.ModelBase.SetValue;ModelBase_SetValue_Benchmark;SetBoolValue;Default;Default;Default;Default;Default;Default;Default;Default;Default;Default;Default;Default;Default;Default;Default;Default;Default;Default;Default;Default;Default;Default;Default;Default;Default;Default;DefaultJob;;1;IdleTarget;8;264076.01;131072;2.01
ModelBase_SetValue_Benchmark.SetBoolValue;Catel.Benchmarks.ModelBase.SetValue;ModelBase_SetValue_Benchmark;SetBoolValue;Default;Default;Default;Default;Default;Default;Default;Default;Default;Default;Default;Default;Default;Default;Default;Default;Default;Default;Default;Default;Default;Default;Default;Default;Default;Default;DefaultJob;;1;IdleTarget;9;258490.39;131072;1.97
ModelBase_SetValue_Benchmark.SetBoolValue;Catel.Benchmarks.ModelBase.SetValue;ModelBase_SetValue_Benchmark;SetBoolValue;Default;Default;Default;Default;Default;Default;Default;Default;Default;Default;Default;Default;Default;Default;Default;Default;Default;Default;Default;Default;Default;Default;Default;Default;Default;Default;DefaultJob;;1;IdleTarget;10;265937.89;131072;2.03
ModelBase_SetValue_Benchmark.SetBoolValue;Catel.Benchmarks.ModelBase.SetValue;ModelBase_SetValue_Benchmark;SetBoolValue;Default;Default;Default;Default;Default;Default;Default;Default;Default;Default;Default;Default;Default;Default;Default;Default;Default;Default;Default;Default;Default;Default;Default;Default;Default;Default;DefaultJob;;1;IdleTarget;11;256628.51;131072;1.96
ModelBase_SetValue_Benchmark.SetBoolValue;Catel.Benchmarks.ModelBase.SetValue;ModelBase_SetValue_Benchmark;SetBoolValue;Default;Default;Default;Default;Default;Default;Default;Default;Default;Default;Default;Default;Default;Default;Default;Default;Default;Default;Default;Default;Default;Default;Default;Default;Default;Default;DefaultJob;;1;IdleTarget;12;256628.51;131072;1.96
ModelBase_SetValue_Benchmark.SetBoolValue;Catel.Benchmarks.ModelBase.SetValue;ModelBase_SetValue_Benchmark;SetBoolValue;Default;Default;Default;Default;Default;Default;Default;Default;Default;Default;Default;Default;Default;Default;Default;Default;Default;Default;Default;Default;Default;Default;Default;Default;Default;Default;DefaultJob;;1;IdleTarget;13;256318.2;131072;1.96
ModelBase_SetValue_Benchmark.SetBoolValue;Catel.Benchmarks.ModelBase.SetValue;ModelBase_SetValue_Benchmark;SetBoolValue;Default;Default;Default;Default;Default;Default;Default;Default;Default;Default;Default;Default;Default;Default;Default;Default;Default;Default;Default;Default;Default;Default;Default;Default;Default;Default;DefaultJob;;1;IdleTarget;14;256318.2;131072;1.96
ModelBase_SetValue_Benchmark.SetBoolValue;Catel.Benchmarks.ModelBase.SetValue;ModelBase_SetValue_Benchmark;SetBoolValue;Default;Default;Default;Default;Default;Default;Default;Default;Default;Default;Default;Default;Default;Default;Default;Default;Default;Default;Default;Default;Default;Default;Default;Default;Default;Default;DefaultJob;;1;IdleTarget;15;256628.51;131072;1.96
ModelBase_SetValue_Benchmark.SetBoolValue;Catel.Benchmarks.ModelBase.SetValue;ModelBase_SetValue_Benchmark;SetBoolValue;Default;Default;Default;Default;Default;Default;Default;Default;Default;Default;Default;Default;Default;Default;Default;Default;Default;Default;Default;Default;Default;Default;Default;Default;Default;Default;DefaultJob;;1;MainWarmup;1;203947672.61;131072;1556
ModelBase_SetValue_Benchmark.SetBoolValue;Catel.Benchmarks.ModelBase.SetValue;ModelBase_SetValue_Benchmark;SetBoolValue;Default;Default;Default;Default;Default;Default;Default;Default;Default;Default;Default;Default;Default;Default;Default;Default;Default;Default;Default;Default;Default;Default;Default;Default;Default;Default;DefaultJob;;1;MainWarmup;2;205252537.04;131072;1565.95
ModelBase_SetValue_Benchmark.SetBoolValue;Catel.Benchmarks.ModelBase.SetValue;ModelBase_SetValue_Benchmark;SetBoolValue;Default;Default;Default;Default;Default;Default;Default;Default;Default;Default;Default;Default;Default;Default;Default;Default;Default;Default;Default;Default;Default;Default;Default;Default;Default;Default;DefaultJob;;1;MainWarmup;3;205700318.1;131072;1569.37
ModelBase_SetValue_Benchmark.SetBoolValue;Catel.Benchmarks.ModelBase.SetValue;ModelBase_SetValue_Benchmark;SetBoolValue;Default;Default;Default;Default;Default;Default;Default;Default;Default;Default;Default;Default;Default;Default;Default;Default;Default;Default;Default;Default;Default;Default;Default;Default;Default;Default;DefaultJob;;1;MainWarmup;4;209860678.96;131072;1601.11
ModelBase_SetValue_Benchmark.SetBoolValue;Catel.Benchmarks.ModelBase.SetValue;ModelBase_SetValue_Benchmark;SetBoolValue;Default;Default;Default;Default;Default;Default;Default;Default;Default;Default;Default;Default;Default;Default;Default;Default;Default;Default;Default;Default;Default;Default;Default;Default;Default;Default;DefaultJob;;1;MainWarmup;5;210991458.03;131072;1609.74
ModelBase_SetValue_Benchmark.SetBoolValue;Catel.Benchmarks.ModelBase.SetValue;ModelBase_SetValue_Benchmark;SetBoolValue;Default;Default;Default;Default;Default;Default;Default;Default;Default;Default;Default;Default;Default;Default;Default;Default;Default;Default;Default;Default;Default;Default;Default;Default;Default;Default;DefaultJob;;1;MainWarmup;6;205595122.13;131072;1568.57
ModelBase_SetValue_Benchmark.SetBoolValue;Catel.Benchmarks.ModelBase.SetValue;ModelBase_SetValue_Benchmark;SetBoolValue;Default;Default;Default;Default;Default;Default;Default;Default;Default;Default;Default;Default;Default;Default;Default;Default;Default;Default;Default;Default;Default;Default;Default;Default;Default;Default;DefaultJob;;1;MainWarmup;7;205222126.4;131072;1565.72
ModelBase_SetValue_Benchmark.SetBoolValue;Catel.Benchmarks.ModelBase.SetValue;ModelBase_SetValue_Benchmark;SetBoolValue;Default;Default;Default;Default;Default;Default;Default;Default;Default;Default;Default;Default;Default;Default;Default;Default;Default;Default;Default;Default;Default;Default;Default;Default;Default;Default;DefaultJob;;1;MainWarmup;8;205186130.14;131072;1565.45
ModelBase_SetValue_Benchmark.SetBoolValue;Catel.Benchmarks.ModelBase.SetValue;ModelBase_SetValue_Benchmark;SetBoolValue;Default;Default;Default;Default;Default;Default;Default;Default;Default;Default;Default;Default;Default;Default;Default;Default;Default;Default;Default;Default;Default;Default;Default;Default;Default;Default;DefaultJob;;1;MainWarmup;9;206852819.05;131072;1578.16
ModelBase_SetValue_Benchmark.SetBoolValue;Catel.Benchmarks.ModelBase.SetValue;ModelBase_SetValue_Benchmark;SetBoolValue;Default;Default;Default;Default;Default;Default;Default;Default;Default;Default;Default;Default;Default;Default;Default;Default;Default;Default;Default;Default;Default;Default;Default;Default;Default;Default;DefaultJob;;1;MainWarmup;10;205746244.36;131072;1569.72
ModelBase_SetValue_Benchmark.SetBoolValue;Catel.Benchmarks.ModelBase.SetValue;ModelBase_SetValue_Benchmark;SetBoolValue;Default;Default;Default;Default;Default;Default;Default;Default;Default;Default;Default;Default;Default;Default;Default;Default;Default;Default;Default;Default;Default;Default;Default;Default;Default;Default;DefaultJob;;1;MainTarget;1;207454825.47;131072;1582.75
ModelBase_SetValue_Benchmark.SetBoolValue;Catel.Benchmarks.ModelBase.SetValue;ModelBase_SetValue_Benchmark;SetBoolValue;Default;Default;Default;Default;Default;Default;Default;Default;Default;Default;Default;Default;Default;Default;Default;Default;Default;Default;Default;Default;Default;Default;Default;Default;Default;Default;DefaultJob;;1;MainTarget;2;204867749.43;131072;1563.02
ModelBase_SetValue_Benchmark.SetBoolValue;Catel.Benchmarks.ModelBase.SetValue;ModelBase_SetValue_Benchmark;SetBoolValue;Default;Default;Default;Default;Default;Default;Default;Default;Default;Default;Default;Default;Default;Default;Default;Default;Default;Default;Default;Default;Default;Default;Default;Default;Default;Default;DefaultJob;;1;MainTarget;3;205765173.43;131072;1569.86
ModelBase_SetValue_Benchmark.SetBoolValue;Catel.Benchmarks.ModelBase.SetValue;ModelBase_SetValue_Benchmark;SetBoolValue;Default;Default;Default;Default;Default;Default;Default;Default;Default;Default;Default;Default;Default;Default;Default;Default;Default;Default;Default;Default;Default;Default;Default;Default;Default;Default;DefaultJob;;1;MainTarget;4;205360525.82;131072;1566.78
ModelBase_SetValue_Benchmark.SetBoolValue;Catel.Benchmarks.ModelBase.SetValue;ModelBase_SetValue_Benchmark;SetBoolValue;Default;Default;Default;Default;Default;Default;Default;Default;Default;Default;Default;Default;Default;Default;Default;Default;Default;Default;Default;Default;Default;Default;Default;Default;Default;Default;DefaultJob;;1;MainTarget;5;205310875.8;131072;1566.4
ModelBase_SetValue_Benchmark.SetBoolValue;Catel.Benchmarks.ModelBase.SetValue;ModelBase_SetValue_Benchmark;SetBoolValue;Default;Default;Default;Default;Default;Default;Default;Default;Default;Default;Default;Default;Default;Default;Default;Default;Default;Default;Default;Default;Default;Default;Default;Default;Default;Default;DefaultJob;;1;MainTarget;6;205089622.93;131072;1564.71
ModelBase_SetValue_Benchmark.SetBoolValue;Catel.Benchmarks.ModelBase.SetValue;ModelBase_SetValue_Benchmark;SetBoolValue;Default;Default;Default;Default;Default;Default;Default;Default;Default;Default;Default;Default;Default;Default;Default;Default;Default;Default;Default;Default;Default;Default;Default;Default;Default;Default;DefaultJob;;1;MainTarget;7;209969598.68;131072;1601.94
ModelBase_SetValue_Benchmark.SetBoolValue;Catel.Benchmarks.ModelBase.SetValue;ModelBase_SetValue_Benchmark;SetBoolValue;Default;Default;Default;Default;Default;Default;Default;Default;Default;Default;Default;Default;Default;Default;Default;Default;Default;Default;Default;Default;Default;Default;Default;Default;Default;Default;DefaultJob;;1;MainTarget;8;205519405.86;131072;1567.99
ModelBase_SetValue_Benchmark.SetBoolValue;Catel.Benchmarks.ModelBase.SetValue;ModelBase_SetValue_Benchmark;SetBoolValue;Default;Default;Default;Default;Default;Default;Default;Default;Default;Default;Default;Default;Default;Default;Default;Default;Default;Default;Default;Default;Default;Default;Default;Default;Default;Default;DefaultJob;;1;MainTarget;9;211492302.54;131072;1613.56
ModelBase_SetValue_Benchmark.SetBoolValue;Catel.Benchmarks.ModelBase.SetValue;ModelBase_SetValue_Benchmark;SetBoolValue;Default;Default;Default;Default;Default;Default;Default;Default;Default;Default;Default;Default;Default;Default;Default;Default;Default;Default;Default;Default;Default;Default;Default;Default;Default;Default;DefaultJob;;1;MainTarget;10;204225712.69;131072;1558.12
ModelBase_SetValue_Benchmark.SetBoolValue;Catel.Benchmarks.ModelBase.SetValue;ModelBase_SetValue_Benchmark;SetBoolValue;Default;Default;Default;Default;Default;Default;Default;Default;Default;Default;Default;Default;Default;Default;Default;Default;Default;Default;Default;Default;Default;Default;Default;Default;Default;Default;DefaultJob;;1;MainTarget;11;205250054.54;131072;1565.93
ModelBase_SetValue_Benchmark.SetBoolValue;Catel.Benchmarks.ModelBase.SetValue;ModelBase_SetValue_Benchmark;SetBoolValue;Default;Default;Default;Default;Default;Default;Default;Default;Default;Default;Default;Default;Default;Default;Default;Default;Default;Default;Default;Default;Default;Default;Default;Default;Default;Default;DefaultJob;;1;MainTarget;12;205903572.85;131072;1570.92
ModelBase_SetValue_Benchmark.SetBoolValue;Catel.Benchmarks.ModelBase.SetValue;ModelBase_SetValue_Benchmark;SetBoolValue;Default;Default;Default;Default;Default;Default;Default;Default;Default;Default;Default;Default;Default;Default;Default;Default;Default;Default;Default;Default;Default;Default;Default;Default;Default;Default;DefaultJob;;1;MainTarget;13;205638876.21;131072;1568.9
ModelBase_SetValue_Benchmark.SetBoolValue;Catel.Benchmarks.ModelBase.SetValue;ModelBase_SetValue_Benchmark;SetBoolValue;Default;Default;Default;Default;Default;Default;Default;Default;Default;Default;Default;Default;Default;Default;Default;Default;Default;Default;Default;Default;Default;Default;Default;Default;Default;Default;DefaultJob;;1;MainTarget;14;205437483.34;131072;1567.36
ModelBase_SetValue_Benchmark.SetBoolValue;Catel.Benchmarks.ModelBase.SetValue;ModelBase_SetValue_Benchmark;SetBoolValue;Default;Default;Default;Default;Default;Default;Default;Default;Default;Default;Default;Default;Default;Default;Default;Default;Default;Default;Default;Default;Default;Default;Default;Default;Default;Default;DefaultJob;;1;MainTarget;15;205084037.3;131072;1564.67
ModelBase_SetValue_Benchmark.SetBoolValue;Catel.Benchmarks.ModelBase.SetValue;ModelBase_SetValue_Benchmark;SetBoolValue;Default;Default;Default;Default;Default;Default;Default;Default;Default;Default;Default;Default;Default;Default;Default;Default;Default;Default;Default;Default;Default;Default;Default;Default;Default;Default;DefaultJob;;1;Result;1;204602680.42;131072;1560.99
ModelBase_SetValue_Benchmark.SetBoolValue;Catel.Benchmarks.ModelBase.SetValue;ModelBase_SetValue_Benchmark;SetBoolValue;Default;Default;Default;Default;Default;Default;Default;Default;Default;Default;Default;Default;Default;Default;Default;Default;Default;Default;Default;Default;Default;Default;Default;Default;Default;Default;DefaultJob;;1;Result;2;205500104.42;131072;1567.84
ModelBase_SetValue_Benchmark.SetBoolValue;Catel.Benchmarks.ModelBase.SetValue;ModelBase_SetValue_Benchmark;SetBoolValue;Default;Default;Default;Default;Default;Default;Default;Default;Default;Default;Default;Default;Default;Default;Default;Default;Default;Default;Default;Default;Default;Default;Default;Default;Default;Default;DefaultJob;;1;Result;3;205095456.81;131072;1564.75
ModelBase_SetValue_Benchmark.SetBoolValue;Catel.Benchmarks.ModelBase.SetValue;ModelBase_SetValue_Benchmark;SetBoolValue;Default;Default;Default;Default;Default;Default;Default;Default;Default;Default;Default;Default;Default;Default;Default;Default;Default;Default;Default;Default;Default;Default;Default;Default;Default;Default;DefaultJob;;1;Result;4;205045806.79;131072;1564.38
ModelBase_SetValue_Benchmark.SetBoolValue;Catel.Benchmarks.ModelBase.SetValue;ModelBase_SetValue_Benchmark;SetBoolValue;Default;Default;Default;Default;Default;Default;Default;Default;Default;Default;Default;Default;Default;Default;Default;Default;Default;Default;Default;Default;Default;Default;Default;Default;Default;Default;DefaultJob;;1;Result;5;204824553.92;131072;1562.69
ModelBase_SetValue_Benchmark.SetBoolValue;Catel.Benchmarks.ModelBase.SetValue;ModelBase_SetValue_Benchmark;SetBoolValue;Default;Default;Default;Default;Default;Default;Default;Default;Default;Default;Default;Default;Default;Default;Default;Default;Default;Default;Default;Default;Default;Default;Default;Default;Default;Default;DefaultJob;;1;Result;6;205254336.85;131072;1565.97
ModelBase_SetValue_Benchmark.SetBoolValue;Catel.Benchmarks.ModelBase.SetValue;ModelBase_SetValue_Benchmark;SetBoolValue;Default;Default;Default;Default;Default;Default;Default;Default;Default;Default;Default;Default;Default;Default;Default;Default;Default;Default;Default;Default;Default;Default;Default;Default;Default;Default;DefaultJob;;1;Result;7;203960643.68;131072;1556.1
ModelBase_SetValue_Benchmark.SetBoolValue;Catel.Benchmarks.ModelBase.SetValue;ModelBase_SetValue_Benchmark;SetBoolValue;Default;Default;Default;Default;Default;Default;Default;Default;Default;Default;Default;Default;Default;Default;Default;Default;Default;Default;Default;Default;Default;Default;Default;Default;Default;Default;DefaultJob;;1;Result;8;204984985.53;131072;1563.91
ModelBase_SetValue_Benchmark.SetBoolValue;Catel.Benchmarks.ModelBase.SetValue;ModelBase_SetValue_Benchmark;SetBoolValue;Default;Default;Default;Default;Default;Default;Default;Default;Default;Default;Default;Default;Default;Default;Default;Default;Default;Default;Default;Default;Default;Default;Default;Default;Default;Default;DefaultJob;;1;Result;9;205638503.83;131072;1568.9
ModelBase_SetValue_Benchmark.SetBoolValue;Catel.Benchmarks.ModelBase.SetValue;ModelBase_SetValue_Benchmark;SetBoolValue;Default;Default;Default;Default;Default;Default;Default;Default;Default;Default;Default;Default;Default;Default;Default;Default;Default;Default;Default;Default;Default;Default;Default;Default;Default;Default;DefaultJob;;1;Result;10;205373807.2;131072;1566.88
ModelBase_SetValue_Benchmark.SetBoolValue;Catel.Benchmarks.ModelBase.SetValue;ModelBase_SetValue_Benchmark;SetBoolValue;Default;Default;Default;Default;Default;Default;Default;Default;Default;Default;Default;Default;Default;Default;Default;Default;Default;Default;Default;Default;Default;Default;Default;Default;Default;Default;DefaultJob;;1;Result;11;205172414.33;131072;1565.34
ModelBase_SetValue_Benchmark.SetBoolValue;Catel.Benchmarks.ModelBase.SetValue;ModelBase_SetValue_Benchmark;SetBoolValue;Default;Default;Default;Default;Default;Default;Default;Default;Default;Default;Default;Default;Default;Default;Default;Default;Default;Default;Default;Default;Default;Default;Default;Default;Default;Default;DefaultJob;;1;Result;12;204818968.29;131072;1562.64
