Target;Target_Namespace;Target_Type;Target_Method;Job_Id;Job_AnalyzeLaunchVariance;Job_EvaluateOverhead;Job_MaxAbsoluteError;Job_MaxRelativeError;Job_MinInvokeCount;Job_MinIterationTime;Job_RemoveOutliers;Job_Affinity;Job_Jit;Job_Platform;Job_Runtime;Job_AllowVeryLargeObjects;Job_Concurrent;Job_CpuGroups;Job_Force;Job_RetainVm;Job_Server;Job_Clock;Job_EngineFactory;Job_Toolchain;Job_InvocationCount;Job_IterationTime;Job_LaunchCount;Job_RunStrategy;Job_TargetCount;Job_UnrollFactor;Job_WarmupCount;Job_Display;Params;Measurement_LaunchIndex;Measurement_IterationMode;Measurement_IterationIndex;Measurement_Nanoseconds;Measurement_Operations;Measurement_Value;Gen_0;Gen_1;Gen_2;Allocated_Bytes
ViewModelBase_Benchmark.Construction;Catel.Benchmarks.MVVM.ViewModels;ViewModelBase_Benchmark;Construction;Default;Default;Default;Default;Default;Default;Default;Default;Default;Default;Default;Default;Default;Default;Default;Default;Default;Default;Default;Default;Default;Default;Default;Default;Default;Default;Default;Default;DefaultJob;;1;Pilot;1;738300;16;46143.75;684;237;0;7755
ViewModelBase_Benchmark.Construction;Catel.Benchmarks.MVVM.ViewModels;ViewModelBase_Benchmark;Construction;Default;Default;Default;Default;Default;Default;Default;Default;Default;Default;Default;Default;Default;Default;Default;Default;Default;Default;Default;Default;Default;Default;Default;Default;Default;Default;Default;Default;DefaultJob;;1;Pilot;2;796800;32;24900;684;237;0;7755
ViewModelBase_Benchmark.Construction;Catel.Benchmarks.MVVM.ViewModels;ViewModelBase_Benchmark;Construction;Default;Default;Default;Default;Default;Default;Default;Default;Default;Default;Default;Default;Default;Default;Default;Default;Default;Default;Default;Default;Default;Default;Default;Default;Default;Default;Default;Default;DefaultJob;;1;Pilot;3;1511500;64;23617.19;684;237;0;7755
ViewModelBase_Benchmark.Construction;Catel.Benchmarks.MVVM.ViewModels;ViewModelBase_Benchmark;Construction;Default;Default;Default;Default;Default;Default;Default;Default;Default;Default;Default;Default;Default;Default;Default;Default;Default;Default;Default;Default;Default;Default;Default;Default;Default;Default;Default;Default;DefaultJob;;1;Pilot;4;2917200;128;22790.63;684;237;0;7755
ViewModelBase_Benchmark.Construction;Catel.Benchmarks.MVVM.ViewModels;ViewModelBase_Benchmark;Construction;Default;Default;Default;Default;Default;Default;Default;Default;Default;Default;Default;Default;Default;Default;Default;Default;Default;Default;Default;Default;Default;Default;Default;Default;Default;Default;Default;Default;DefaultJob;;1;Pilot;5;6491500;256;25357.42;684;237;0;7755
ViewModelBase_Benchmark.Construction;Catel.Benchmarks.MVVM.ViewModels;ViewModelBase_Benchmark;Construction;Default;Default;Default;Default;Default;Default;Default;Default;Default;Default;Default;Default;Default;Default;Default;Default;Default;Default;Default;Default;Default;Default;Default;Default;Default;Default;Default;Default;DefaultJob;;1;Pilot;6;13050600;512;25489.45;684;237;0;7755
ViewModelBase_Benchmark.Construction;Catel.Benchmarks.MVVM.ViewModels;ViewModelBase_Benchmark;Construction;Default;Default;Default;Default;Default;Default;Default;Default;Default;Default;Default;Default;Default;Default;Default;Default;Default;Default;Default;Default;Default;Default;Default;Default;Default;Default;Default;Default;DefaultJob;;1;Pilot;7;26121000;1024;25508.79;684;237;0;7755
ViewModelBase_Benchmark.Construction;Catel.Benchmarks.MVVM.ViewModels;ViewModelBase_Benchmark;Construction;Default;Default;Default;Default;Default;Default;Default;Default;Default;Default;Default;Default;Default;Default;Default;Default;Default;Default;Default;Default;Default;Default;Default;Default;Default;Default;Default;Default;DefaultJob;;1;Pilot;8;64288000;2048;31390.63;684;237;0;7755
ViewModelBase_Benchmark.Construction;Catel.Benchmarks.MVVM.ViewModels;ViewModelBase_Benchmark;Construction;Default;Default;Default;Default;Default;Default;Default;Default;Default;Default;Default;Default;Default;Default;Default;Default;Default;Default;Default;Default;Default;Default;Default;Default;Default;Default;Default;Default;DefaultJob;;1;Pilot;9;130728400;4096;31916.11;684;237;0;7755
ViewModelBase_Benchmark.Construction;Catel.Benchmarks.MVVM.ViewModels;ViewModelBase_Benchmark;Construction;Default;Default;Default;Default;Default;Default;Default;Default;Default;Default;Default;Default;Default;Default;Default;Default;Default;Default;Default;Default;Default;Default;Default;Default;Default;Default;Default;Default;DefaultJob;;1;Pilot;10;282541300;8192;34489.9;684;237;0;7755
ViewModelBase_Benchmark.Construction;Catel.Benchmarks.MVVM.ViewModels;ViewModelBase_Benchmark;Construction;Default;Default;Default;Default;Default;Default;Default;Default;Default;Default;Default;Default;Default;Default;Default;Default;Default;Default;Default;Default;Default;Default;Default;Default;Default;Default;Default;Default;DefaultJob;;1;Pilot;11;567459800;16384;34635;684;237;0;7755
ViewModelBase_Benchmark.Construction;Catel.Benchmarks.MVVM.ViewModels;ViewModelBase_Benchmark;Construction;Default;Default;Default;Default;Default;Default;Default;Default;Default;Default;Default;Default;Default;Default;Default;Default;Default;Default;Default;Default;Default;Default;Default;Default;Default;Default;Default;Default;DefaultJob;;1;IdleWarmup;1;81000;16384;4.94;684;237;0;7755
ViewModelBase_Benchmark.Construction;Catel.Benchmarks.MVVM.ViewModels;ViewModelBase_Benchmark;Construction;Default;Default;Default;Default;Default;Default;Default;Default;Default;Default;Default;Default;Default;Default;Default;Default;Default;Default;Default;Default;Default;Default;Default;Default;Default;Default;Default;Default;DefaultJob;;1;IdleWarmup;2;75700;16384;4.62;684;237;0;7755
ViewModelBase_Benchmark.Construction;Catel.Benchmarks.MVVM.ViewModels;ViewModelBase_Benchmark;Construction;Default;Default;Default;Default;Default;Default;Default;Default;Default;Default;Default;Default;Default;Default;Default;Default;Default;Default;Default;Default;Default;Default;Default;Default;Default;Default;Default;Default;DefaultJob;;1;IdleWarmup;3;76000;16384;4.64;684;237;0;7755
ViewModelBase_Benchmark.Construction;Catel.Benchmarks.MVVM.ViewModels;ViewModelBase_Benchmark;Construction;Default;Default;Default;Default;Default;Default;Default;Default;Default;Default;Default;Default;Default;Default;Default;Default;Default;Default;Default;Default;Default;Default;Default;Default;Default;Default;Default;Default;DefaultJob;;1;IdleWarmup;4;75800;16384;4.63;684;237;0;7755
ViewModelBase_Benchmark.Construction;Catel.Benchmarks.MVVM.ViewModels;ViewModelBase_Benchmark;Construction;Default;Default;Default;Default;Default;Default;Default;Default;Default;Default;Default;Default;Default;Default;Default;Default;Default;Default;Default;Default;Default;Default;Default;Default;Default;Default;Default;Default;DefaultJob;;1;IdleWarmup;5;75700;16384;4.62;684;237;0;7755
ViewModelBase_Benchmark.Construction;Catel.Benchmarks.MVVM.ViewModels;ViewModelBase_Benchmark;Construction;Default;Default;Default;Default;Default;Default;Default;Default;Default;Default;Default;Default;Default;Default;Default;Default;Default;Default;Default;Default;Default;Default;Default;Default;Default;Default;Default;Default;DefaultJob;;1;IdleWarmup;6;76000;16384;4.64;684;237;0;7755
ViewModelBase_Benchmark.Construction;Catel.Benchmarks.MVVM.ViewModels;ViewModelBase_Benchmark;Construction;Default;Default;Default;Default;Default;Default;Default;Default;Default;Default;Default;Default;Default;Default;Default;Default;Default;Default;Default;Default;Default;Default;Default;Default;Default;Default;Default;Default;DefaultJob;;1;IdleWarmup;7;75800;16384;4.63;684;237;0;7755
ViewModelBase_Benchmark.Construction;Catel.Benchmarks.MVVM.ViewModels;ViewModelBase_Benchmark;Construction;Default;Default;Default;Default;Default;Default;Default;Default;Default;Default;Default;Default;Default;Default;Default;Default;Default;Default;Default;Default;Default;Default;Default;Default;Default;Default;Default;Default;DefaultJob;;1;IdleTarget;1;75900;16384;4.63;684;237;0;7755
ViewModelBase_Benchmark.Construction;Catel.Benchmarks.MVVM.ViewModels;ViewModelBase_Benchmark;Construction;Default;Default;Default;Default;Default;Default;Default;Default;Default;Default;Default;Default;Default;Default;Default;Default;Default;Default;Default;Default;Default;Default;Default;Default;Default;Default;Default;Default;DefaultJob;;1;IdleTarget;2;75800;16384;4.63;684;237;0;7755
ViewModelBase_Benchmark.Construction;Catel.Benchmarks.MVVM.ViewModels;ViewModelBase_Benchmark;Construction;Default;Default;Default;Default;Default;Default;Default;Default;Default;Default;Default;Default;Default;Default;Default;Default;Default;Default;Default;Default;Default;Default;Default;Default;Default;Default;Default;Default;DefaultJob;;1;IdleTarget;3;76300;16384;4.66;684;237;0;7755
ViewModelBase_Benchmark.Construction;Catel.Benchmarks.MVVM.ViewModels;ViewModelBase_Benchmark;Construction;Default;Default;Default;Default;Default;Default;Default;Default;Default;Default;Default;Default;Default;Default;Default;Default;Default;Default;Default;Default;Default;Default;Default;Default;Default;Default;Default;Default;DefaultJob;;1;IdleTarget;4;76000;16384;4.64;684;237;0;7755
ViewModelBase_Benchmark.Construction;Catel.Benchmarks.MVVM.ViewModels;ViewModelBase_Benchmark;Construction;Default;Default;Default;Default;Default;Default;Default;Default;Default;Default;Default;Default;Default;Default;Default;Default;Default;Default;Default;Default;Default;Default;Default;Default;Default;Default;Default;Default;DefaultJob;;1;IdleTarget;5;84100;16384;5.13;684;237;0;7755
ViewModelBase_Benchmark.Construction;Catel.Benchmarks.MVVM.ViewModels;ViewModelBase_Benchmark;Construction;Default;Default;Default;Default;Default;Default;Default;Default;Default;Default;Default;Default;Default;Default;Default;Default;Default;Default;Default;Default;Default;Default;Default;Default;Default;Default;Default;Default;DefaultJob;;1;IdleTarget;6;75800;16384;4.63;684;237;0;7755
ViewModelBase_Benchmark.Construction;Catel.Benchmarks.MVVM.ViewModels;ViewModelBase_Benchmark;Construction;Default;Default;Default;Default;Default;Default;Default;Default;Default;Default;Default;Default;Default;Default;Default;Default;Default;Default;Default;Default;Default;Default;Default;Default;Default;Default;Default;Default;DefaultJob;;1;IdleTarget;7;84200;16384;5.14;684;237;0;7755
ViewModelBase_Benchmark.Construction;Catel.Benchmarks.MVVM.ViewModels;ViewModelBase_Benchmark;Construction;Default;Default;Default;Default;Default;Default;Default;Default;Default;Default;Default;Default;Default;Default;Default;Default;Default;Default;Default;Default;Default;Default;Default;Default;Default;Default;Default;Default;DefaultJob;;1;IdleTarget;8;84100;16384;5.13;684;237;0;7755
ViewModelBase_Benchmark.Construction;Catel.Benchmarks.MVVM.ViewModels;ViewModelBase_Benchmark;Construction;Default;Default;Default;Default;Default;Default;Default;Default;Default;Default;Default;Default;Default;Default;Default;Default;Default;Default;Default;Default;Default;Default;Default;Default;Default;Default;Default;Default;DefaultJob;;1;IdleTarget;9;75700;16384;4.62;684;237;0;7755
ViewModelBase_Benchmark.Construction;Catel.Benchmarks.MVVM.ViewModels;ViewModelBase_Benchmark;Construction;Default;Default;Default;Default;Default;Default;Default;Default;Default;Default;Default;Default;Default;Default;Default;Default;Default;Default;Default;Default;Default;Default;Default;Default;Default;Default;Default;Default;DefaultJob;;1;IdleTarget;10;75900;16384;4.63;684;237;0;7755
ViewModelBase_Benchmark.Construction;Catel.Benchmarks.MVVM.ViewModels;ViewModelBase_Benchmark;Construction;Default;Default;Default;Default;Default;Default;Default;Default;Default;Default;Default;Default;Default;Default;Default;Default;Default;Default;Default;Default;Default;Default;Default;Default;Default;Default;Default;Default;DefaultJob;;1;IdleTarget;11;75900;16384;4.63;684;237;0;7755
ViewModelBase_Benchmark.Construction;Catel.Benchmarks.MVVM.ViewModels;ViewModelBase_Benchmark;Construction;Default;Default;Default;Default;Default;Default;Default;Default;Default;Default;Default;Default;Default;Default;Default;Default;Default;Default;Default;Default;Default;Default;Default;Default;Default;Default;Default;Default;DefaultJob;;1;IdleTarget;12;77700;16384;4.74;684;237;0;7755
ViewModelBase_Benchmark.Construction;Catel.Benchmarks.MVVM.ViewModels;ViewModelBase_Benchmark;Construction;Default;Default;Default;Default;Default;Default;Default;Default;Default;Default;Default;Default;Default;Default;Default;Default;Default;Default;Default;Default;Default;Default;Default;Default;Default;Default;Default;Default;DefaultJob;;1;IdleTarget;13;76100;16384;4.64;684;237;0;7755
ViewModelBase_Benchmark.Construction;Catel.Benchmarks.MVVM.ViewModels;ViewModelBase_Benchmark;Construction;Default;Default;Default;Default;Default;Default;Default;Default;Default;Default;Default;Default;Default;Default;Default;Default;Default;Default;Default;Default;Default;Default;Default;Default;Default;Default;Default;Default;DefaultJob;;1;IdleTarget;14;75700;16384;4.62;684;237;0;7755
ViewModelBase_Benchmark.Construction;Catel.Benchmarks.MVVM.ViewModels;ViewModelBase_Benchmark;Construction;Default;Default;Default;Default;Default;Default;Default;Default;Default;Default;Default;Default;Default;Default;Default;Default;Default;Default;Default;Default;Default;Default;Default;Default;Default;Default;Default;Default;DefaultJob;;1;IdleTarget;15;84200;16384;5.14;684;237;0;7755
ViewModelBase_Benchmark.Construction;Catel.Benchmarks.MVVM.ViewModels;ViewModelBase_Benchmark;Construction;Default;Default;Default;Default;Default;Default;Default;Default;Default;Default;Default;Default;Default;Default;Default;Default;Default;Default;Default;Default;Default;Default;Default;Default;Default;Default;Default;Default;DefaultJob;;1;IdleTarget;16;75700;16384;4.62;684;237;0;7755
ViewModelBase_Benchmark.Construction;Catel.Benchmarks.MVVM.ViewModels;ViewModelBase_Benchmark;Construction;Default;Default;Default;Default;Default;Default;Default;Default;Default;Default;Default;Default;Default;Default;Default;Default;Default;Default;Default;Default;Default;Default;Default;Default;Default;Default;Default;Default;DefaultJob;;1;MainWarmup;1;594190900;16384;36266.53;684;237;0;7755
ViewModelBase_Benchmark.Construction;Catel.Benchmarks.MVVM.ViewModels;ViewModelBase_Benchmark;Construction;Default;Default;Default;Default;Default;Default;Default;Default;Default;Default;Default;Default;Default;Default;Default;Default;Default;Default;Default;Default;Default;Default;Default;Default;Default;Default;Default;Default;DefaultJob;;1;MainWarmup;2;597379000;16384;36461.12;684;237;0;7755
ViewModelBase_Benchmark.Construction;Catel.Benchmarks.MVVM.ViewModels;ViewModelBase_Benchmark;Construction;Default;Default;Default;Default;Default;Default;Default;Default;Default;Default;Default;Default;Default;Default;Default;Default;Default;Default;Default;Default;Default;Default;Default;Default;Default;Default;Default;Default;DefaultJob;;1;MainWarmup;3;578833800;16384;35329.21;684;237;0;7755
ViewModelBase_Benchmark.Construction;Catel.Benchmarks.MVVM.ViewModels;ViewModelBase_Benchmark;Construction;Default;Default;Default;Default;Default;Default;Default;Default;Default;Default;Default;Default;Default;Default;Default;Default;Default;Default;Default;Default;Default;Default;Default;Default;Default;Default;Default;Default;DefaultJob;;1;MainWarmup;4;558307700;16384;34076.4;684;237;0;7755
ViewModelBase_Benchmark.Construction;Catel.Benchmarks.MVVM.ViewModels;ViewModelBase_Benchmark;Construction;Default;Default;Default;Default;Default;Default;Default;Default;Default;Default;Default;Default;Default;Default;Default;Default;Default;Default;Default;Default;Default;Default;Default;Default;Default;Default;Default;Default;DefaultJob;;1;MainWarmup;5;582500200;16384;35552.99;684;237;0;7755
ViewModelBase_Benchmark.Construction;Catel.Benchmarks.MVVM.ViewModels;ViewModelBase_Benchmark;Construction;Default;Default;Default;Default;Default;Default;Default;Default;Default;Default;Default;Default;Default;Default;Default;Default;Default;Default;Default;Default;Default;Default;Default;Default;Default;Default;Default;Default;DefaultJob;;1;MainWarmup;6;556368900;16384;33958.06;684;237;0;7755
ViewModelBase_Benchmark.Construction;Catel.Benchmarks.MVVM.ViewModels;ViewModelBase_Benchmark;Construction;Default;Default;Default;Default;Default;Default;Default;Default;Default;Default;Default;Default;Default;Default;Default;Default;Default;Default;Default;Default;Default;Default;Default;Default;Default;Default;Default;Default;DefaultJob;;1;MainTarget;1;596170600;16384;36387.37;684;237;0;7755
ViewModelBase_Benchmark.Construction;Catel.Benchmarks.MVVM.ViewModels;ViewModelBase_Benchmark;Construction;Default;Default;Default;Default;Default;Default;Default;Default;Default;Default;Default;Default;Default;Default;Default;Default;Default;Default;Default;Default;Default;Default;Default;Default;Default;Default;Default;Default;DefaultJob;;1;MainTarget;2;570903900;16384;34845.21;684;237;0;7755
ViewModelBase_Benchmark.Construction;Catel.Benchmarks.MVVM.ViewModels;ViewModelBase_Benchmark;Construction;Default;Default;Default;Default;Default;Default;Default;Default;Default;Default;Default;Default;Default;Default;Default;Default;Default;Default;Default;Default;Default;Default;Default;Default;Default;Default;Default;Default;DefaultJob;;1;MainTarget;3;571277200;16384;34867.99;684;237;0;7755
ViewModelBase_Benchmark.Construction;Catel.Benchmarks.MVVM.ViewModels;ViewModelBase_Benchmark;Construction;Default;Default;Default;Default;Default;Default;Default;Default;Default;Default;Default;Default;Default;Default;Default;Default;Default;Default;Default;Default;Default;Default;Default;Default;Default;Default;Default;Default;DefaultJob;;1;MainTarget;4;565317800;16384;34504.26;684;237;0;7755
ViewModelBase_Benchmark.Construction;Catel.Benchmarks.MVVM.ViewModels;ViewModelBase_Benchmark;Construction;Default;Default;Default;Default;Default;Default;Default;Default;Default;Default;Default;Default;Default;Default;Default;Default;Default;Default;Default;Default;Default;Default;Default;Default;Default;Default;Default;Default;DefaultJob;;1;MainTarget;5;556041600;16384;33938.09;684;237;0;7755
ViewModelBase_Benchmark.Construction;Catel.Benchmarks.MVVM.ViewModels;ViewModelBase_Benchmark;Construction;Default;Default;Default;Default;Default;Default;Default;Default;Default;Default;Default;Default;Default;Default;Default;Default;Default;Default;Default;Default;Default;Default;Default;Default;Default;Default;Default;Default;DefaultJob;;1;MainTarget;6;606479300;16384;37016.56;684;237;0;7755
ViewModelBase_Benchmark.Construction;Catel.Benchmarks.MVVM.ViewModels;ViewModelBase_Benchmark;Construction;Default;Default;Default;Default;Default;Default;Default;Default;Default;Default;Default;Default;Default;Default;Default;Default;Default;Default;Default;Default;Default;Default;Default;Default;Default;Default;Default;Default;DefaultJob;;1;MainTarget;7;560649500;16384;34219.33;684;237;0;7755
ViewModelBase_Benchmark.Construction;Catel.Benchmarks.MVVM.ViewModels;ViewModelBase_Benchmark;Construction;Default;Default;Default;Default;Default;Default;Default;Default;Default;Default;Default;Default;Default;Default;Default;Default;Default;Default;Default;Default;Default;Default;Default;Default;Default;Default;Default;Default;DefaultJob;;1;MainTarget;8;584748400;16384;35690.21;684;237;0;7755
ViewModelBase_Benchmark.Construction;Catel.Benchmarks.MVVM.ViewModels;ViewModelBase_Benchmark;Construction;Default;Default;Default;Default;Default;Default;Default;Default;Default;Default;Default;Default;Default;Default;Default;Default;Default;Default;Default;Default;Default;Default;Default;Default;Default;Default;Default;Default;DefaultJob;;1;MainTarget;9;578903400;16384;35333.46;684;237;0;7755
ViewModelBase_Benchmark.Construction;Catel.Benchmarks.MVVM.ViewModels;ViewModelBase_Benchmark;Construction;Default;Default;Default;Default;Default;Default;Default;Default;Default;Default;Default;Default;Default;Default;Default;Default;Default;Default;Default;Default;Default;Default;Default;Default;Default;Default;Default;Default;DefaultJob;;1;MainTarget;10;573890900;16384;35027.52;684;237;0;7755
ViewModelBase_Benchmark.Construction;Catel.Benchmarks.MVVM.ViewModels;ViewModelBase_Benchmark;Construction;Default;Default;Default;Default;Default;Default;Default;Default;Default;Default;Default;Default;Default;Default;Default;Default;Default;Default;Default;Default;Default;Default;Default;Default;Default;Default;Default;Default;DefaultJob;;1;MainTarget;11;574300800;16384;35052.54;684;237;0;7755
ViewModelBase_Benchmark.Construction;Catel.Benchmarks.MVVM.ViewModels;ViewModelBase_Benchmark;Construction;Default;Default;Default;Default;Default;Default;Default;Default;Default;Default;Default;Default;Default;Default;Default;Default;Default;Default;Default;Default;Default;Default;Default;Default;Default;Default;Default;Default;DefaultJob;;1;MainTarget;12;589361500;16384;35971.77;684;237;0;7755
ViewModelBase_Benchmark.Construction;Catel.Benchmarks.MVVM.ViewModels;ViewModelBase_Benchmark;Construction;Default;Default;Default;Default;Default;Default;Default;Default;Default;Default;Default;Default;Default;Default;Default;Default;Default;Default;Default;Default;Default;Default;Default;Default;Default;Default;Default;Default;DefaultJob;;1;MainTarget;13;613981400;16384;37474.45;684;237;0;7755
ViewModelBase_Benchmark.Construction;Catel.Benchmarks.MVVM.ViewModels;ViewModelBase_Benchmark;Construction;Default;Default;Default;Default;Default;Default;Default;Default;Default;Default;Default;Default;Default;Default;Default;Default;Default;Default;Default;Default;Default;Default;Default;Default;Default;Default;Default;Default;DefaultJob;;1;MainTarget;14;573910400;16384;35028.71;684;237;0;7755
ViewModelBase_Benchmark.Construction;Catel.Benchmarks.MVVM.ViewModels;ViewModelBase_Benchmark;Construction;Default;Default;Default;Default;Default;Default;Default;Default;Default;Default;Default;Default;Default;Default;Default;Default;Default;Default;Default;Default;Default;Default;Default;Default;Default;Default;Default;Default;DefaultJob;;1;MainTarget;15;585936500;16384;35762.73;684;237;0;7755
ViewModelBase_Benchmark.Construction;Catel.Benchmarks.MVVM.ViewModels;ViewModelBase_Benchmark;Construction;Default;Default;Default;Default;Default;Default;Default;Default;Default;Default;Default;Default;Default;Default;Default;Default;Default;Default;Default;Default;Default;Default;Default;Default;Default;Default;Default;Default;DefaultJob;;1;MainTarget;16;555087800;16384;33879.87;684;237;0;7755
ViewModelBase_Benchmark.Construction;Catel.Benchmarks.MVVM.ViewModels;ViewModelBase_Benchmark;Construction;Default;Default;Default;Default;Default;Default;Default;Default;Default;Default;Default;Default;Default;Default;Default;Default;Default;Default;Default;Default;Default;Default;Default;Default;Default;Default;Default;Default;DefaultJob;;1;MainTarget;17;568217100;16384;34681.22;684;237;0;7755
ViewModelBase_Benchmark.Construction;Catel.Benchmarks.MVVM.ViewModels;ViewModelBase_Benchmark;Construction;Default;Default;Default;Default;Default;Default;Default;Default;Default;Default;Default;Default;Default;Default;Default;Default;Default;Default;Default;Default;Default;Default;Default;Default;Default;Default;Default;Default;DefaultJob;;1;MainTarget;18;581004400;16384;35461.69;684;237;0;7755
ViewModelBase_Benchmark.Construction;Catel.Benchmarks.MVVM.ViewModels;ViewModelBase_Benchmark;Construction;Default;Default;Default;Default;Default;Default;Default;Default;Default;Default;Default;Default;Default;Default;Default;Default;Default;Default;Default;Default;Default;Default;Default;Default;Default;Default;Default;Default;DefaultJob;;1;MainTarget;19;565718100;16384;34528.69;684;237;0;7755
ViewModelBase_Benchmark.Construction;Catel.Benchmarks.MVVM.ViewModels;ViewModelBase_Benchmark;Construction;Default;Default;Default;Default;Default;Default;Default;Default;Default;Default;Default;Default;Default;Default;Default;Default;Default;Default;Default;Default;Default;Default;Default;Default;Default;Default;Default;Default;DefaultJob;;1;MainTarget;20;593749300;16384;36239.58;684;237;0;7755
ViewModelBase_Benchmark.Construction;Catel.Benchmarks.MVVM.ViewModels;ViewModelBase_Benchmark;Construction;Default;Default;Default;Default;Default;Default;Default;Default;Default;Default;Default;Default;Default;Default;Default;Default;Default;Default;Default;Default;Default;Default;Default;Default;Default;Default;Default;Default;DefaultJob;;1;MainTarget;21;558040800;16384;34060.11;684;237;0;7755
ViewModelBase_Benchmark.Construction;Catel.Benchmarks.MVVM.ViewModels;ViewModelBase_Benchmark;Construction;Default;Default;Default;Default;Default;Default;Default;Default;Default;Default;Default;Default;Default;Default;Default;Default;Default;Default;Default;Default;Default;Default;Default;Default;Default;Default;Default;Default;DefaultJob;;1;MainTarget;22;614658700;16384;37515.79;684;237;0;7755
ViewModelBase_Benchmark.Construction;Catel.Benchmarks.MVVM.ViewModels;ViewModelBase_Benchmark;Construction;Default;Default;Default;Default;Default;Default;Default;Default;Default;Default;Default;Default;Default;Default;Default;Default;Default;Default;Default;Default;Default;Default;Default;Default;Default;Default;Default;Default;DefaultJob;;1;MainTarget;23;580532200;16384;35432.87;684;237;0;7755
ViewModelBase_Benchmark.Construction;Catel.Benchmarks.MVVM.ViewModels;ViewModelBase_Benchmark;Construction;Default;Default;Default;Default;Default;Default;Default;Default;Default;Default;Default;Default;Default;Default;Default;Default;Default;Default;Default;Default;Default;Default;Default;Default;Default;Default;Default;Default;DefaultJob;;1;MainTarget;24;563353900;16384;34384.39;684;237;0;7755
ViewModelBase_Benchmark.Construction;Catel.Benchmarks.MVVM.ViewModels;ViewModelBase_Benchmark;Construction;Default;Default;Default;Default;Default;Default;Default;Default;Default;Default;Default;Default;Default;Default;Default;Default;Default;Default;Default;Default;Default;Default;Default;Default;Default;Default;Default;Default;DefaultJob;;1;MainTarget;25;624510500;16384;38117.1;684;237;0;7755
ViewModelBase_Benchmark.Construction;Catel.Benchmarks.MVVM.ViewModels;ViewModelBase_Benchmark;Construction;Default;Default;Default;Default;Default;Default;Default;Default;Default;Default;Default;Default;Default;Default;Default;Default;Default;Default;Default;Default;Default;Default;Default;Default;Default;Default;Default;Default;DefaultJob;;1;MainTarget;26;587068200;16384;35831.8;684;237;0;7755
ViewModelBase_Benchmark.Construction;Catel.Benchmarks.MVVM.ViewModels;ViewModelBase_Benchmark;Construction;Default;Default;Default;Default;Default;Default;Default;Default;Default;Default;Default;Default;Default;Default;Default;Default;Default;Default;Default;Default;Default;Default;Default;Default;Default;Default;Default;Default;DefaultJob;;1;MainTarget;27;554417200;16384;33838.94;684;237;0;7755
ViewModelBase_Benchmark.Construction;Catel.Benchmarks.MVVM.ViewModels;ViewModelBase_Benchmark;Construction;Default;Default;Default;Default;Default;Default;Default;Default;Default;Default;Default;Default;Default;Default;Default;Default;Default;Default;Default;Default;Default;Default;Default;Default;Default;Default;Default;Default;DefaultJob;;1;MainTarget;28;601233100;16384;36696.36;684;237;0;7755
ViewModelBase_Benchmark.Construction;Catel.Benchmarks.MVVM.ViewModels;ViewModelBase_Benchmark;Construction;Default;Default;Default;Default;Default;Default;Default;Default;Default;Default;Default;Default;Default;Default;Default;Default;Default;Default;Default;Default;Default;Default;Default;Default;Default;Default;Default;Default;DefaultJob;;1;MainTarget;29;549522200;16384;33540.17;684;237;0;7755
ViewModelBase_Benchmark.Construction;Catel.Benchmarks.MVVM.ViewModels;ViewModelBase_Benchmark;Construction;Default;Default;Default;Default;Default;Default;Default;Default;Default;Default;Default;Default;Default;Default;Default;Default;Default;Default;Default;Default;Default;Default;Default;Default;Default;Default;Default;Default;DefaultJob;;1;MainTarget;30;582668200;16384;35563.24;684;237;0;7755
ViewModelBase_Benchmark.Construction;Catel.Benchmarks.MVVM.ViewModels;ViewModelBase_Benchmark;Construction;Default;Default;Default;Default;Default;Default;Default;Default;Default;Default;Default;Default;Default;Default;Default;Default;Default;Default;Default;Default;Default;Default;Default;Default;Default;Default;Default;Default;DefaultJob;;1;MainTarget;31;585038400;16384;35707.91;684;237;0;7755
ViewModelBase_Benchmark.Construction;Catel.Benchmarks.MVVM.ViewModels;ViewModelBase_Benchmark;Construction;Default;Default;Default;Default;Default;Default;Default;Default;Default;Default;Default;Default;Default;Default;Default;Default;Default;Default;Default;Default;Default;Default;Default;Default;Default;Default;Default;Default;DefaultJob;;1;MainTarget;32;577015000;16384;35218.2;684;237;0;7755
ViewModelBase_Benchmark.Construction;Catel.Benchmarks.MVVM.ViewModels;ViewModelBase_Benchmark;Construction;Default;Default;Default;Default;Default;Default;Default;Default;Default;Default;Default;Default;Default;Default;Default;Default;Default;Default;Default;Default;Default;Default;Default;Default;Default;Default;Default;Default;DefaultJob;;1;Result;1;596092531.25;16384;36382.6;684;237;0;7755
ViewModelBase_Benchmark.Construction;Catel.Benchmarks.MVVM.ViewModels;ViewModelBase_Benchmark;Construction;Default;Default;Default;Default;Default;Default;Default;Default;Default;Default;Default;Default;Default;Default;Default;Default;Default;Default;Default;Default;Default;Default;Default;Default;Default;Default;Default;Default;DefaultJob;;1;Result;2;570825831.25;16384;34840.44;684;237;0;7755
ViewModelBase_Benchmark.Construction;Catel.Benchmarks.MVVM.ViewModels;ViewModelBase_Benchmark;Construction;Default;Default;Default;Default;Default;Default;Default;Default;Default;Default;Default;Default;Default;Default;Default;Default;Default;Default;Default;Default;Default;Default;Default;Default;Default;Default;Default;Default;DefaultJob;;1;Result;3;571199131.25;16384;34863.23;684;237;0;7755
ViewModelBase_Benchmark.Construction;Catel.Benchmarks.MVVM.ViewModels;ViewModelBase_Benchmark;Construction;Default;Default;Default;Default;Default;Default;Default;Default;Default;Default;Default;Default;Default;Default;Default;Default;Default;Default;Default;Default;Default;Default;Default;Default;Default;Default;Default;Default;DefaultJob;;1;Result;4;565239731.25;16384;34499.5;684;237;0;7755
ViewModelBase_Benchmark.Construction;Catel.Benchmarks.MVVM.ViewModels;ViewModelBase_Benchmark;Construction;Default;Default;Default;Default;Default;Default;Default;Default;Default;Default;Default;Default;Default;Default;Default;Default;Default;Default;Default;Default;Default;Default;Default;Default;Default;Default;Default;Default;DefaultJob;;1;Result;5;555963531.25;16384;33933.32;684;237;0;7755
ViewModelBase_Benchmark.Construction;Catel.Benchmarks.MVVM.ViewModels;ViewModelBase_Benchmark;Construction;Default;Default;Default;Default;Default;Default;Default;Default;Default;Default;Default;Default;Default;Default;Default;Default;Default;Default;Default;Default;Default;Default;Default;Default;Default;Default;Default;Default;DefaultJob;;1;Result;6;606401231.25;16384;37011.79;684;237;0;7755
ViewModelBase_Benchmark.Construction;Catel.Benchmarks.MVVM.ViewModels;ViewModelBase_Benchmark;Construction;Default;Default;Default;Default;Default;Default;Default;Default;Default;Default;Default;Default;Default;Default;Default;Default;Default;Default;Default;Default;Default;Default;Default;Default;Default;Default;Default;Default;DefaultJob;;1;Result;7;560571431.25;16384;34214.56;684;237;0;7755
ViewModelBase_Benchmark.Construction;Catel.Benchmarks.MVVM.ViewModels;ViewModelBase_Benchmark;Construction;Default;Default;Default;Default;Default;Default;Default;Default;Default;Default;Default;Default;Default;Default;Default;Default;Default;Default;Default;Default;Default;Default;Default;Default;Default;Default;Default;Default;DefaultJob;;1;Result;8;584670331.25;16384;35685.45;684;237;0;7755
ViewModelBase_Benchmark.Construction;Catel.Benchmarks.MVVM.ViewModels;ViewModelBase_Benchmark;Construction;Default;Default;Default;Default;Default;Default;Default;Default;Default;Default;Default;Default;Default;Default;Default;Default;Default;Default;Default;Default;Default;Default;Default;Default;Default;Default;Default;Default;DefaultJob;;1;Result;9;578825331.25;16384;35328.69;684;237;0;7755
ViewModelBase_Benchmark.Construction;Catel.Benchmarks.MVVM.ViewModels;ViewModelBase_Benchmark;Construction;Default;Default;Default;Default;Default;Default;Default;Default;Default;Default;Default;Default;Default;Default;Default;Default;Default;Default;Default;Default;Default;Default;Default;Default;Default;Default;Default;Default;DefaultJob;;1;Result;10;573812831.25;16384;35022.76;684;237;0;7755
ViewModelBase_Benchmark.Construction;Catel.Benchmarks.MVVM.ViewModels;ViewModelBase_Benchmark;Construction;Default;Default;Default;Default;Default;Default;Default;Default;Default;Default;Default;Default;Default;Default;Default;Default;Default;Default;Default;Default;Default;Default;Default;Default;Default;Default;Default;Default;DefaultJob;;1;Result;11;574222731.25;16384;35047.77;684;237;0;7755
ViewModelBase_Benchmark.Construction;Catel.Benchmarks.MVVM.ViewModels;ViewModelBase_Benchmark;Construction;Default;Default;Default;Default;Default;Default;Default;Default;Default;Default;Default;Default;Default;Default;Default;Default;Default;Default;Default;Default;Default;Default;Default;Default;Default;Default;Default;Default;DefaultJob;;1;Result;12;589283431.25;16384;35967.01;684;237;0;7755
ViewModelBase_Benchmark.Construction;Catel.Benchmarks.MVVM.ViewModels;ViewModelBase_Benchmark;Construction;Default;Default;Default;Default;Default;Default;Default;Default;Default;Default;Default;Default;Default;Default;Default;Default;Default;Default;Default;Default;Default;Default;Default;Default;Default;Default;Default;Default;DefaultJob;;1;Result;13;613903331.25;16384;37469.69;684;237;0;7755
ViewModelBase_Benchmark.Construction;Catel.Benchmarks.MVVM.ViewModels;ViewModelBase_Benchmark;Construction;Default;Default;Default;Default;Default;Default;Default;Default;Default;Default;Default;Default;Default;Default;Default;Default;Default;Default;Default;Default;Default;Default;Default;Default;Default;Default;Default;Default;DefaultJob;;1;Result;14;573832331.25;16384;35023.95;684;237;0;7755
ViewModelBase_Benchmark.Construction;Catel.Benchmarks.MVVM.ViewModels;ViewModelBase_Benchmark;Construction;Default;Default;Default;Default;Default;Default;Default;Default;Default;Default;Default;Default;Default;Default;Default;Default;Default;Default;Default;Default;Default;Default;Default;Default;Default;Default;Default;Default;DefaultJob;;1;Result;15;585858431.25;16384;35757.96;684;237;0;7755
ViewModelBase_Benchmark.Construction;Catel.Benchmarks.MVVM.ViewModels;ViewModelBase_Benchmark;Construction;Default;Default;Default;Default;Default;Default;Default;Default;Default;Default;Default;Default;Default;Default;Default;Default;Default;Default;Default;Default;Default;Default;Default;Default;Default;Default;Default;Default;DefaultJob;;1;Result;16;555009731.25;16384;33875.11;684;237;0;7755
ViewModelBase_Benchmark.Construction;Catel.Benchmarks.MVVM.ViewModels;ViewModelBase_Benchmark;Construction;Default;Default;Default;Default;Default;Default;Default;Default;Default;Default;Default;Default;Default;Default;Default;Default;Default;Default;Default;Default;Default;Default;Default;Default;Default;Default;Default;Default;DefaultJob;;1;Result;17;568139031.25;16384;34676.45;684;237;0;7755
ViewModelBase_Benchmark.Construction;Catel.Benchmarks.MVVM.ViewModels;ViewModelBase_Benchmark;Construction;Default;Default;Default;Default;Default;Default;Default;Default;Default;Default;Default;Default;Default;Default;Default;Default;Default;Default;Default;Default;Default;Default;Default;Default;Default;Default;Default;Default;DefaultJob;;1;Result;18;580926331.25;16384;35456.93;684;237;0;7755
ViewModelBase_Benchmark.Construction;Catel.Benchmarks.MVVM.ViewModels;ViewModelBase_Benchmark;Construction;Default;Default;Default;Default;Default;Default;Default;Default;Default;Default;Default;Default;Default;Default;Default;Default;Default;Default;Default;Default;Default;Default;Default;Default;Default;Default;Default;Default;DefaultJob;;1;Result;19;565640031.25;16384;34523.93;684;237;0;7755
ViewModelBase_Benchmark.Construction;Catel.Benchmarks.MVVM.ViewModels;ViewModelBase_Benchmark;Construction;Default;Default;Default;Default;Default;Default;Default;Default;Default;Default;Default;Default;Default;Default;Default;Default;Default;Default;Default;Default;Default;Default;Default;Default;Default;Default;Default;Default;DefaultJob;;1;Result;20;593671231.25;16384;36234.82;684;237;0;7755
ViewModelBase_Benchmark.Construction;Catel.Benchmarks.MVVM.ViewModels;ViewModelBase_Benchmark;Construction;Default;Default;Default;Default;Default;Default;Default;Default;Default;Default;Default;Default;Default;Default;Default;Default;Default;Default;Default;Default;Default;Default;Default;Default;Default;Default;Default;Default;DefaultJob;;1;Result;21;557962731.25;16384;34055.34;684;237;0;7755
ViewModelBase_Benchmark.Construction;Catel.Benchmarks.MVVM.ViewModels;ViewModelBase_Benchmark;Construction;Default;Default;Default;Default;Default;Default;Default;Default;Default;Default;Default;Default;Default;Default;Default;Default;Default;Default;Default;Default;Default;Default;Default;Default;Default;Default;Default;Default;DefaultJob;;1;Result;22;614580631.25;16384;37511.02;684;237;0;7755
ViewModelBase_Benchmark.Construction;Catel.Benchmarks.MVVM.ViewModels;ViewModelBase_Benchmark;Construction;Default;Default;Default;Default;Default;Default;Default;Default;Default;Default;Default;Default;Default;Default;Default;Default;Default;Default;Default;Default;Default;Default;Default;Default;Default;Default;Default;Default;DefaultJob;;1;Result;23;580454131.25;16384;35428.11;684;237;0;7755
ViewModelBase_Benchmark.Construction;Catel.Benchmarks.MVVM.ViewModels;ViewModelBase_Benchmark;Construction;Default;Default;Default;Default;Default;Default;Default;Default;Default;Default;Default;Default;Default;Default;Default;Default;Default;Default;Default;Default;Default;Default;Default;Default;Default;Default;Default;Default;DefaultJob;;1;Result;24;563275831.25;16384;34379.63;684;237;0;7755
ViewModelBase_Benchmark.Construction;Catel.Benchmarks.MVVM.ViewModels;ViewModelBase_Benchmark;Construction;Default;Default;Default;Default;Default;Default;Default;Default;Default;Default;Default;Default;Default;Default;Default;Default;Default;Default;Default;Default;Default;Default;Default;Default;Default;Default;Default;Default;DefaultJob;;1;Result;25;586990131.25;16384;35827.03;684;237;0;7755
ViewModelBase_Benchmark.Construction;Catel.Benchmarks.MVVM.ViewModels;ViewModelBase_Benchmark;Construction;Default;Default;Default;Default;Default;Default;Default;Default;Default;Default;Default;Default;Default;Default;Default;Default;Default;Default;Default;Default;Default;Default;Default;Default;Default;Default;Default;Default;DefaultJob;;1;Result;26;554339131.25;16384;33834.18;684;237;0;7755
ViewModelBase_Benchmark.Construction;Catel.Benchmarks.MVVM.ViewModels;ViewModelBase_Benchmark;Construction;Default;Default;Default;Default;Default;Default;Default;Default;Default;Default;Default;Default;Default;Default;Default;Default;Default;Default;Default;Default;Default;Default;Default;Default;Default;Default;Default;Default;DefaultJob;;1;Result;27;601155031.25;16384;36691.59;684;237;0;7755
ViewModelBase_Benchmark.Construction;Catel.Benchmarks.MVVM.ViewModels;ViewModelBase_Benchmark;Construction;Default;Default;Default;Default;Default;Default;Default;Default;Default;Default;Default;Default;Default;Default;Default;Default;Default;Default;Default;Default;Default;Default;Default;Default;Default;Default;Default;Default;DefaultJob;;1;Result;28;549444131.25;16384;33535.41;684;237;0;7755
ViewModelBase_Benchmark.Construction;Catel.Benchmarks.MVVM.ViewModels;ViewModelBase_Benchmark;Construction;Default;Default;Default;Default;Default;Default;Default;Default;Default;Default;Default;Default;Default;Default;Default;Default;Default;Default;Default;Default;Default;Default;Default;Default;Default;Default;Default;Default;DefaultJob;;1;Result;29;582590131.25;16384;35558.48;684;237;0;7755
ViewModelBase_Benchmark.Construction;Catel.Benchmarks.MVVM.ViewModels;ViewModelBase_Benchmark;Construction;Default;Default;Default;Default;Default;Default;Default;Default;Default;Default;Default;Default;Default;Default;Default;Default;Default;Default;Default;Default;Default;Default;Default;Default;Default;Default;Default;Default;DefaultJob;;1;Result;30;584960331.25;16384;35703.15;684;237;0;7755
ViewModelBase_Benchmark.Construction;Catel.Benchmarks.MVVM.ViewModels;ViewModelBase_Benchmark;Construction;Default;Default;Default;Default;Default;Default;Default;Default;Default;Default;Default;Default;Default;Default;Default;Default;Default;Default;Default;Default;Default;Default;Default;Default;Default;Default;Default;Default;DefaultJob;;1;Result;31;576936931.25;16384;35213.44;684;237;0;7755
