Target;Target_Namespace;Target_Type;Target_Method;Job_Id;Job_AnalyzeLaunchVariance;Job_EvaluateOverhead;Job_MaxAbsoluteError;Job_MaxRelativeError;Job_MinInvokeCount;Job_MinIterationTime;Job_RemoveOutliers;Job_Affinity;Job_Jit;Job_Platform;Job_Runtime;Job_AllowVeryLargeObjects;Job_Concurrent;Job_CpuGroups;Job_Force;Job_HeapAffinitizeMask;Job_HeapCount;Job_NoAffinitize;Job_RetainVm;Job_Server;Job_Arguments;Job_BuildConfiguration;Job_Clock;Job_EngineFactory;Job_EnvironmentVariables;Job_Toolchain;Job_IsBaseline;Job_InvocationCount;Job_IterationTime;Job_LaunchCount;Job_RunStrategy;Job_TargetCount;Job_UnrollFactor;Job_WarmupCount;Job_Display;Params;Measurement_LaunchIndex;Measurement_IterationMode;Measurement_IterationIndex;Measurement_Nanoseconds;Measurement_Operations;Measurement_Value;Gen_0;Gen_1;Gen_2;Allocated_Bytes
ViewModelBase_Benchmark.Construction;Catel.Benchmarks.MVVM.ViewModels;ViewModelBase_Benchmark;Construction;Default;Default;Default;Default;Default;Default;Default;Default;Default;Default;Default;Default;Default;Default;Default;Default;Default;Default;Default;Default;Default;Default;Default;Default;Default;Default;Default;Default;2000;Default;2;Throughput;5;Default;2;"Job-RCQMUY(InvocationCount=2000, LaunchCount=2, RunStrategy=Throughput, TargetCount=5, WarmupCount=2)";;1;IdleWarmup;1;142300;2000;71.15;1;0;0;3056
ViewModelBase_Benchmark.Construction;Catel.Benchmarks.MVVM.ViewModels;ViewModelBase_Benchmark;Construction;Default;Default;Default;Default;Default;Default;Default;Default;Default;Default;Default;Default;Default;Default;Default;Default;Default;Default;Default;Default;Default;Default;Default;Default;Default;Default;Default;Default;2000;Default;2;Throughput;5;Default;2;"Job-RCQMUY(InvocationCount=2000, LaunchCount=2, RunStrategy=Throughput, TargetCount=5, WarmupCount=2)";;1;IdleWarmup;2;9100;2000;4.55;1;0;0;3056
ViewModelBase_Benchmark.Construction;Catel.Benchmarks.MVVM.ViewModels;ViewModelBase_Benchmark;Construction;Default;Default;Default;Default;Default;Default;Default;Default;Default;Default;Default;Default;Default;Default;Default;Default;Default;Default;Default;Default;Default;Default;Default;Default;Default;Default;Default;Default;2000;Default;2;Throughput;5;Default;2;"Job-RCQMUY(InvocationCount=2000, LaunchCount=2, RunStrategy=Throughput, TargetCount=5, WarmupCount=2)";;1;IdleWarmup;3;9100;2000;4.55;1;0;0;3056
ViewModelBase_Benchmark.Construction;Catel.Benchmarks.MVVM.ViewModels;ViewModelBase_Benchmark;Construction;Default;Default;Default;Default;Default;Default;Default;Default;Default;Default;Default;Default;Default;Default;Default;Default;Default;Default;Default;Default;Default;Default;Default;Default;Default;Default;Default;Default;2000;Default;2;Throughput;5;Default;2;"Job-RCQMUY(InvocationCount=2000, LaunchCount=2, RunStrategy=Throughput, TargetCount=5, WarmupCount=2)";;1;IdleWarmup;4;9000;2000;4.5;1;0;0;3056
ViewModelBase_Benchmark.Construction;Catel.Benchmarks.MVVM.ViewModels;ViewModelBase_Benchmark;Construction;Default;Default;Default;Default;Default;Default;Default;Default;Default;Default;Default;Default;Default;Default;Default;Default;Default;Default;Default;Default;Default;Default;Default;Default;Default;Default;Default;Default;2000;Default;2;Throughput;5;Default;2;"Job-RCQMUY(InvocationCount=2000, LaunchCount=2, RunStrategy=Throughput, TargetCount=5, WarmupCount=2)";;1;IdleWarmup;5;9100;2000;4.55;1;0;0;3056
ViewModelBase_Benchmark.Construction;Catel.Benchmarks.MVVM.ViewModels;ViewModelBase_Benchmark;Construction;Default;Default;Default;Default;Default;Default;Default;Default;Default;Default;Default;Default;Default;Default;Default;Default;Default;Default;Default;Default;Default;Default;Default;Default;Default;Default;Default;Default;2000;Default;2;Throughput;5;Default;2;"Job-RCQMUY(InvocationCount=2000, LaunchCount=2, RunStrategy=Throughput, TargetCount=5, WarmupCount=2)";;1;IdleWarmup;6;9100;2000;4.55;1;0;0;3056
ViewModelBase_Benchmark.Construction;Catel.Benchmarks.MVVM.ViewModels;ViewModelBase_Benchmark;Construction;Default;Default;Default;Default;Default;Default;Default;Default;Default;Default;Default;Default;Default;Default;Default;Default;Default;Default;Default;Default;Default;Default;Default;Default;Default;Default;Default;Default;2000;Default;2;Throughput;5;Default;2;"Job-RCQMUY(InvocationCount=2000, LaunchCount=2, RunStrategy=Throughput, TargetCount=5, WarmupCount=2)";;1;IdleTarget;1;9000;2000;4.5;1;0;0;3056
ViewModelBase_Benchmark.Construction;Catel.Benchmarks.MVVM.ViewModels;ViewModelBase_Benchmark;Construction;Default;Default;Default;Default;Default;Default;Default;Default;Default;Default;Default;Default;Default;Default;Default;Default;Default;Default;Default;Default;Default;Default;Default;Default;Default;Default;Default;Default;2000;Default;2;Throughput;5;Default;2;"Job-RCQMUY(InvocationCount=2000, LaunchCount=2, RunStrategy=Throughput, TargetCount=5, WarmupCount=2)";;1;IdleTarget;2;9100;2000;4.55;1;0;0;3056
ViewModelBase_Benchmark.Construction;Catel.Benchmarks.MVVM.ViewModels;ViewModelBase_Benchmark;Construction;Default;Default;Default;Default;Default;Default;Default;Default;Default;Default;Default;Default;Default;Default;Default;Default;Default;Default;Default;Default;Default;Default;Default;Default;Default;Default;Default;Default;2000;Default;2;Throughput;5;Default;2;"Job-RCQMUY(InvocationCount=2000, LaunchCount=2, RunStrategy=Throughput, TargetCount=5, WarmupCount=2)";;1;IdleTarget;3;9100;2000;4.55;1;0;0;3056
ViewModelBase_Benchmark.Construction;Catel.Benchmarks.MVVM.ViewModels;ViewModelBase_Benchmark;Construction;Default;Default;Default;Default;Default;Default;Default;Default;Default;Default;Default;Default;Default;Default;Default;Default;Default;Default;Default;Default;Default;Default;Default;Default;Default;Default;Default;Default;2000;Default;2;Throughput;5;Default;2;"Job-RCQMUY(InvocationCount=2000, LaunchCount=2, RunStrategy=Throughput, TargetCount=5, WarmupCount=2)";;1;IdleTarget;4;9200;2000;4.6;1;0;0;3056
ViewModelBase_Benchmark.Construction;Catel.Benchmarks.MVVM.ViewModels;ViewModelBase_Benchmark;Construction;Default;Default;Default;Default;Default;Default;Default;Default;Default;Default;Default;Default;Default;Default;Default;Default;Default;Default;Default;Default;Default;Default;Default;Default;Default;Default;Default;Default;2000;Default;2;Throughput;5;Default;2;"Job-RCQMUY(InvocationCount=2000, LaunchCount=2, RunStrategy=Throughput, TargetCount=5, WarmupCount=2)";;1;IdleTarget;5;9100;2000;4.55;1;0;0;3056
ViewModelBase_Benchmark.Construction;Catel.Benchmarks.MVVM.ViewModels;ViewModelBase_Benchmark;Construction;Default;Default;Default;Default;Default;Default;Default;Default;Default;Default;Default;Default;Default;Default;Default;Default;Default;Default;Default;Default;Default;Default;Default;Default;Default;Default;Default;Default;2000;Default;2;Throughput;5;Default;2;"Job-RCQMUY(InvocationCount=2000, LaunchCount=2, RunStrategy=Throughput, TargetCount=5, WarmupCount=2)";;1;IdleTarget;6;9100;2000;4.55;1;0;0;3056
ViewModelBase_Benchmark.Construction;Catel.Benchmarks.MVVM.ViewModels;ViewModelBase_Benchmark;Construction;Default;Default;Default;Default;Default;Default;Default;Default;Default;Default;Default;Default;Default;Default;Default;Default;Default;Default;Default;Default;Default;Default;Default;Default;Default;Default;Default;Default;2000;Default;2;Throughput;5;Default;2;"Job-RCQMUY(InvocationCount=2000, LaunchCount=2, RunStrategy=Throughput, TargetCount=5, WarmupCount=2)";;1;IdleTarget;7;9000;2000;4.5;1;0;0;3056
ViewModelBase_Benchmark.Construction;Catel.Benchmarks.MVVM.ViewModels;ViewModelBase_Benchmark;Construction;Default;Default;Default;Default;Default;Default;Default;Default;Default;Default;Default;Default;Default;Default;Default;Default;Default;Default;Default;Default;Default;Default;Default;Default;Default;Default;Default;Default;2000;Default;2;Throughput;5;Default;2;"Job-RCQMUY(InvocationCount=2000, LaunchCount=2, RunStrategy=Throughput, TargetCount=5, WarmupCount=2)";;1;IdleTarget;8;9200;2000;4.6;1;0;0;3056
ViewModelBase_Benchmark.Construction;Catel.Benchmarks.MVVM.ViewModels;ViewModelBase_Benchmark;Construction;Default;Default;Default;Default;Default;Default;Default;Default;Default;Default;Default;Default;Default;Default;Default;Default;Default;Default;Default;Default;Default;Default;Default;Default;Default;Default;Default;Default;2000;Default;2;Throughput;5;Default;2;"Job-RCQMUY(InvocationCount=2000, LaunchCount=2, RunStrategy=Throughput, TargetCount=5, WarmupCount=2)";;1;IdleTarget;9;9000;2000;4.5;1;0;0;3056
ViewModelBase_Benchmark.Construction;Catel.Benchmarks.MVVM.ViewModels;ViewModelBase_Benchmark;Construction;Default;Default;Default;Default;Default;Default;Default;Default;Default;Default;Default;Default;Default;Default;Default;Default;Default;Default;Default;Default;Default;Default;Default;Default;Default;Default;Default;Default;2000;Default;2;Throughput;5;Default;2;"Job-RCQMUY(InvocationCount=2000, LaunchCount=2, RunStrategy=Throughput, TargetCount=5, WarmupCount=2)";;1;IdleTarget;10;9000;2000;4.5;1;0;0;3056
ViewModelBase_Benchmark.Construction;Catel.Benchmarks.MVVM.ViewModels;ViewModelBase_Benchmark;Construction;Default;Default;Default;Default;Default;Default;Default;Default;Default;Default;Default;Default;Default;Default;Default;Default;Default;Default;Default;Default;Default;Default;Default;Default;Default;Default;Default;Default;2000;Default;2;Throughput;5;Default;2;"Job-RCQMUY(InvocationCount=2000, LaunchCount=2, RunStrategy=Throughput, TargetCount=5, WarmupCount=2)";;1;IdleTarget;11;9100;2000;4.55;1;0;0;3056
ViewModelBase_Benchmark.Construction;Catel.Benchmarks.MVVM.ViewModels;ViewModelBase_Benchmark;Construction;Default;Default;Default;Default;Default;Default;Default;Default;Default;Default;Default;Default;Default;Default;Default;Default;Default;Default;Default;Default;Default;Default;Default;Default;Default;Default;Default;Default;2000;Default;2;Throughput;5;Default;2;"Job-RCQMUY(InvocationCount=2000, LaunchCount=2, RunStrategy=Throughput, TargetCount=5, WarmupCount=2)";;1;IdleTarget;12;9100;2000;4.55;1;0;0;3056
ViewModelBase_Benchmark.Construction;Catel.Benchmarks.MVVM.ViewModels;ViewModelBase_Benchmark;Construction;Default;Default;Default;Default;Default;Default;Default;Default;Default;Default;Default;Default;Default;Default;Default;Default;Default;Default;Default;Default;Default;Default;Default;Default;Default;Default;Default;Default;2000;Default;2;Throughput;5;Default;2;"Job-RCQMUY(InvocationCount=2000, LaunchCount=2, RunStrategy=Throughput, TargetCount=5, WarmupCount=2)";;1;IdleTarget;13;9100;2000;4.55;1;0;0;3056
ViewModelBase_Benchmark.Construction;Catel.Benchmarks.MVVM.ViewModels;ViewModelBase_Benchmark;Construction;Default;Default;Default;Default;Default;Default;Default;Default;Default;Default;Default;Default;Default;Default;Default;Default;Default;Default;Default;Default;Default;Default;Default;Default;Default;Default;Default;Default;2000;Default;2;Throughput;5;Default;2;"Job-RCQMUY(InvocationCount=2000, LaunchCount=2, RunStrategy=Throughput, TargetCount=5, WarmupCount=2)";;1;IdleTarget;14;8900;2000;4.45;1;0;0;3056
ViewModelBase_Benchmark.Construction;Catel.Benchmarks.MVVM.ViewModels;ViewModelBase_Benchmark;Construction;Default;Default;Default;Default;Default;Default;Default;Default;Default;Default;Default;Default;Default;Default;Default;Default;Default;Default;Default;Default;Default;Default;Default;Default;Default;Default;Default;Default;2000;Default;2;Throughput;5;Default;2;"Job-RCQMUY(InvocationCount=2000, LaunchCount=2, RunStrategy=Throughput, TargetCount=5, WarmupCount=2)";;1;IdleTarget;15;9000;2000;4.5;1;0;0;3056
ViewModelBase_Benchmark.Construction;Catel.Benchmarks.MVVM.ViewModels;ViewModelBase_Benchmark;Construction;Default;Default;Default;Default;Default;Default;Default;Default;Default;Default;Default;Default;Default;Default;Default;Default;Default;Default;Default;Default;Default;Default;Default;Default;Default;Default;Default;Default;2000;Default;2;Throughput;5;Default;2;"Job-RCQMUY(InvocationCount=2000, LaunchCount=2, RunStrategy=Throughput, TargetCount=5, WarmupCount=2)";;1;MainWarmup;1;33262700;2000;16631.35;1;0;0;3056
ViewModelBase_Benchmark.Construction;Catel.Benchmarks.MVVM.ViewModels;ViewModelBase_Benchmark;Construction;Default;Default;Default;Default;Default;Default;Default;Default;Default;Default;Default;Default;Default;Default;Default;Default;Default;Default;Default;Default;Default;Default;Default;Default;Default;Default;Default;Default;2000;Default;2;Throughput;5;Default;2;"Job-RCQMUY(InvocationCount=2000, LaunchCount=2, RunStrategy=Throughput, TargetCount=5, WarmupCount=2)";;1;MainWarmup;2;32885100;2000;16442.55;1;0;0;3056
ViewModelBase_Benchmark.Construction;Catel.Benchmarks.MVVM.ViewModels;ViewModelBase_Benchmark;Construction;Default;Default;Default;Default;Default;Default;Default;Default;Default;Default;Default;Default;Default;Default;Default;Default;Default;Default;Default;Default;Default;Default;Default;Default;Default;Default;Default;Default;2000;Default;2;Throughput;5;Default;2;"Job-RCQMUY(InvocationCount=2000, LaunchCount=2, RunStrategy=Throughput, TargetCount=5, WarmupCount=2)";;1;MainTarget;1;30546400;2000;15273.2;1;0;0;3056
ViewModelBase_Benchmark.Construction;Catel.Benchmarks.MVVM.ViewModels;ViewModelBase_Benchmark;Construction;Default;Default;Default;Default;Default;Default;Default;Default;Default;Default;Default;Default;Default;Default;Default;Default;Default;Default;Default;Default;Default;Default;Default;Default;Default;Default;Default;Default;2000;Default;2;Throughput;5;Default;2;"Job-RCQMUY(InvocationCount=2000, LaunchCount=2, RunStrategy=Throughput, TargetCount=5, WarmupCount=2)";;1;MainTarget;2;23409700;2000;11704.85;1;0;0;3056
ViewModelBase_Benchmark.Construction;Catel.Benchmarks.MVVM.ViewModels;ViewModelBase_Benchmark;Construction;Default;Default;Default;Default;Default;Default;Default;Default;Default;Default;Default;Default;Default;Default;Default;Default;Default;Default;Default;Default;Default;Default;Default;Default;Default;Default;Default;Default;2000;Default;2;Throughput;5;Default;2;"Job-RCQMUY(InvocationCount=2000, LaunchCount=2, RunStrategy=Throughput, TargetCount=5, WarmupCount=2)";;1;MainTarget;3;28681400;2000;14340.7;1;0;0;3056
ViewModelBase_Benchmark.Construction;Catel.Benchmarks.MVVM.ViewModels;ViewModelBase_Benchmark;Construction;Default;Default;Default;Default;Default;Default;Default;Default;Default;Default;Default;Default;Default;Default;Default;Default;Default;Default;Default;Default;Default;Default;Default;Default;Default;Default;Default;Default;2000;Default;2;Throughput;5;Default;2;"Job-RCQMUY(InvocationCount=2000, LaunchCount=2, RunStrategy=Throughput, TargetCount=5, WarmupCount=2)";;1;MainTarget;4;31487700;2000;15743.85;1;0;0;3056
ViewModelBase_Benchmark.Construction;Catel.Benchmarks.MVVM.ViewModels;ViewModelBase_Benchmark;Construction;Default;Default;Default;Default;Default;Default;Default;Default;Default;Default;Default;Default;Default;Default;Default;Default;Default;Default;Default;Default;Default;Default;Default;Default;Default;Default;Default;Default;2000;Default;2;Throughput;5;Default;2;"Job-RCQMUY(InvocationCount=2000, LaunchCount=2, RunStrategy=Throughput, TargetCount=5, WarmupCount=2)";;1;MainTarget;5;29739600;2000;14869.8;1;0;0;3056
ViewModelBase_Benchmark.Construction;Catel.Benchmarks.MVVM.ViewModels;ViewModelBase_Benchmark;Construction;Default;Default;Default;Default;Default;Default;Default;Default;Default;Default;Default;Default;Default;Default;Default;Default;Default;Default;Default;Default;Default;Default;Default;Default;Default;Default;Default;Default;2000;Default;2;Throughput;5;Default;2;"Job-RCQMUY(InvocationCount=2000, LaunchCount=2, RunStrategy=Throughput, TargetCount=5, WarmupCount=2)";;1;Result;1;30537333.33;2000;15268.67;1;0;0;3056
ViewModelBase_Benchmark.Construction;Catel.Benchmarks.MVVM.ViewModels;ViewModelBase_Benchmark;Construction;Default;Default;Default;Default;Default;Default;Default;Default;Default;Default;Default;Default;Default;Default;Default;Default;Default;Default;Default;Default;Default;Default;Default;Default;Default;Default;Default;Default;2000;Default;2;Throughput;5;Default;2;"Job-RCQMUY(InvocationCount=2000, LaunchCount=2, RunStrategy=Throughput, TargetCount=5, WarmupCount=2)";;1;Result;2;23400633.33;2000;11700.32;1;0;0;3056
ViewModelBase_Benchmark.Construction;Catel.Benchmarks.MVVM.ViewModels;ViewModelBase_Benchmark;Construction;Default;Default;Default;Default;Default;Default;Default;Default;Default;Default;Default;Default;Default;Default;Default;Default;Default;Default;Default;Default;Default;Default;Default;Default;Default;Default;Default;Default;2000;Default;2;Throughput;5;Default;2;"Job-RCQMUY(InvocationCount=2000, LaunchCount=2, RunStrategy=Throughput, TargetCount=5, WarmupCount=2)";;1;Result;3;28672333.33;2000;14336.17;1;0;0;3056
ViewModelBase_Benchmark.Construction;Catel.Benchmarks.MVVM.ViewModels;ViewModelBase_Benchmark;Construction;Default;Default;Default;Default;Default;Default;Default;Default;Default;Default;Default;Default;Default;Default;Default;Default;Default;Default;Default;Default;Default;Default;Default;Default;Default;Default;Default;Default;2000;Default;2;Throughput;5;Default;2;"Job-RCQMUY(InvocationCount=2000, LaunchCount=2, RunStrategy=Throughput, TargetCount=5, WarmupCount=2)";;1;Result;4;31478633.33;2000;15739.32;1;0;0;3056
ViewModelBase_Benchmark.Construction;Catel.Benchmarks.MVVM.ViewModels;ViewModelBase_Benchmark;Construction;Default;Default;Default;Default;Default;Default;Default;Default;Default;Default;Default;Default;Default;Default;Default;Default;Default;Default;Default;Default;Default;Default;Default;Default;Default;Default;Default;Default;2000;Default;2;Throughput;5;Default;2;"Job-RCQMUY(InvocationCount=2000, LaunchCount=2, RunStrategy=Throughput, TargetCount=5, WarmupCount=2)";;1;Result;5;29730533.33;2000;14865.27;1;0;0;3056
ViewModelBase_Benchmark.Construction;Catel.Benchmarks.MVVM.ViewModels;ViewModelBase_Benchmark;Construction;Default;Default;Default;Default;Default;Default;Default;Default;Default;Default;Default;Default;Default;Default;Default;Default;Default;Default;Default;Default;Default;Default;Default;Default;Default;Default;Default;Default;2000;Default;2;Throughput;5;Default;2;"Job-RCQMUY(InvocationCount=2000, LaunchCount=2, RunStrategy=Throughput, TargetCount=5, WarmupCount=2)";;2;IdleWarmup;1;144000;2000;72;1;0;0;3056
ViewModelBase_Benchmark.Construction;Catel.Benchmarks.MVVM.ViewModels;ViewModelBase_Benchmark;Construction;Default;Default;Default;Default;Default;Default;Default;Default;Default;Default;Default;Default;Default;Default;Default;Default;Default;Default;Default;Default;Default;Default;Default;Default;Default;Default;Default;Default;2000;Default;2;Throughput;5;Default;2;"Job-RCQMUY(InvocationCount=2000, LaunchCount=2, RunStrategy=Throughput, TargetCount=5, WarmupCount=2)";;2;IdleWarmup;2;9200;2000;4.6;1;0;0;3056
ViewModelBase_Benchmark.Construction;Catel.Benchmarks.MVVM.ViewModels;ViewModelBase_Benchmark;Construction;Default;Default;Default;Default;Default;Default;Default;Default;Default;Default;Default;Default;Default;Default;Default;Default;Default;Default;Default;Default;Default;Default;Default;Default;Default;Default;Default;Default;2000;Default;2;Throughput;5;Default;2;"Job-RCQMUY(InvocationCount=2000, LaunchCount=2, RunStrategy=Throughput, TargetCount=5, WarmupCount=2)";;2;IdleWarmup;3;9000;2000;4.5;1;0;0;3056
ViewModelBase_Benchmark.Construction;Catel.Benchmarks.MVVM.ViewModels;ViewModelBase_Benchmark;Construction;Default;Default;Default;Default;Default;Default;Default;Default;Default;Default;Default;Default;Default;Default;Default;Default;Default;Default;Default;Default;Default;Default;Default;Default;Default;Default;Default;Default;2000;Default;2;Throughput;5;Default;2;"Job-RCQMUY(InvocationCount=2000, LaunchCount=2, RunStrategy=Throughput, TargetCount=5, WarmupCount=2)";;2;IdleWarmup;4;9000;2000;4.5;1;0;0;3056
ViewModelBase_Benchmark.Construction;Catel.Benchmarks.MVVM.ViewModels;ViewModelBase_Benchmark;Construction;Default;Default;Default;Default;Default;Default;Default;Default;Default;Default;Default;Default;Default;Default;Default;Default;Default;Default;Default;Default;Default;Default;Default;Default;Default;Default;Default;Default;2000;Default;2;Throughput;5;Default;2;"Job-RCQMUY(InvocationCount=2000, LaunchCount=2, RunStrategy=Throughput, TargetCount=5, WarmupCount=2)";;2;IdleWarmup;5;9100;2000;4.55;1;0;0;3056
ViewModelBase_Benchmark.Construction;Catel.Benchmarks.MVVM.ViewModels;ViewModelBase_Benchmark;Construction;Default;Default;Default;Default;Default;Default;Default;Default;Default;Default;Default;Default;Default;Default;Default;Default;Default;Default;Default;Default;Default;Default;Default;Default;Default;Default;Default;Default;2000;Default;2;Throughput;5;Default;2;"Job-RCQMUY(InvocationCount=2000, LaunchCount=2, RunStrategy=Throughput, TargetCount=5, WarmupCount=2)";;2;IdleWarmup;6;9100;2000;4.55;1;0;0;3056
ViewModelBase_Benchmark.Construction;Catel.Benchmarks.MVVM.ViewModels;ViewModelBase_Benchmark;Construction;Default;Default;Default;Default;Default;Default;Default;Default;Default;Default;Default;Default;Default;Default;Default;Default;Default;Default;Default;Default;Default;Default;Default;Default;Default;Default;Default;Default;2000;Default;2;Throughput;5;Default;2;"Job-RCQMUY(InvocationCount=2000, LaunchCount=2, RunStrategy=Throughput, TargetCount=5, WarmupCount=2)";;2;IdleWarmup;7;9200;2000;4.6;1;0;0;3056
ViewModelBase_Benchmark.Construction;Catel.Benchmarks.MVVM.ViewModels;ViewModelBase_Benchmark;Construction;Default;Default;Default;Default;Default;Default;Default;Default;Default;Default;Default;Default;Default;Default;Default;Default;Default;Default;Default;Default;Default;Default;Default;Default;Default;Default;Default;Default;2000;Default;2;Throughput;5;Default;2;"Job-RCQMUY(InvocationCount=2000, LaunchCount=2, RunStrategy=Throughput, TargetCount=5, WarmupCount=2)";;2;IdleTarget;1;9000;2000;4.5;1;0;0;3056
ViewModelBase_Benchmark.Construction;Catel.Benchmarks.MVVM.ViewModels;ViewModelBase_Benchmark;Construction;Default;Default;Default;Default;Default;Default;Default;Default;Default;Default;Default;Default;Default;Default;Default;Default;Default;Default;Default;Default;Default;Default;Default;Default;Default;Default;Default;Default;2000;Default;2;Throughput;5;Default;2;"Job-RCQMUY(InvocationCount=2000, LaunchCount=2, RunStrategy=Throughput, TargetCount=5, WarmupCount=2)";;2;IdleTarget;2;9000;2000;4.5;1;0;0;3056
ViewModelBase_Benchmark.Construction;Catel.Benchmarks.MVVM.ViewModels;ViewModelBase_Benchmark;Construction;Default;Default;Default;Default;Default;Default;Default;Default;Default;Default;Default;Default;Default;Default;Default;Default;Default;Default;Default;Default;Default;Default;Default;Default;Default;Default;Default;Default;2000;Default;2;Throughput;5;Default;2;"Job-RCQMUY(InvocationCount=2000, LaunchCount=2, RunStrategy=Throughput, TargetCount=5, WarmupCount=2)";;2;IdleTarget;3;9100;2000;4.55;1;0;0;3056
ViewModelBase_Benchmark.Construction;Catel.Benchmarks.MVVM.ViewModels;ViewModelBase_Benchmark;Construction;Default;Default;Default;Default;Default;Default;Default;Default;Default;Default;Default;Default;Default;Default;Default;Default;Default;Default;Default;Default;Default;Default;Default;Default;Default;Default;Default;Default;2000;Default;2;Throughput;5;Default;2;"Job-RCQMUY(InvocationCount=2000, LaunchCount=2, RunStrategy=Throughput, TargetCount=5, WarmupCount=2)";;2;IdleTarget;4;9300;2000;4.65;1;0;0;3056
ViewModelBase_Benchmark.Construction;Catel.Benchmarks.MVVM.ViewModels;ViewModelBase_Benchmark;Construction;Default;Default;Default;Default;Default;Default;Default;Default;Default;Default;Default;Default;Default;Default;Default;Default;Default;Default;Default;Default;Default;Default;Default;Default;Default;Default;Default;Default;2000;Default;2;Throughput;5;Default;2;"Job-RCQMUY(InvocationCount=2000, LaunchCount=2, RunStrategy=Throughput, TargetCount=5, WarmupCount=2)";;2;IdleTarget;5;9000;2000;4.5;1;0;0;3056
ViewModelBase_Benchmark.Construction;Catel.Benchmarks.MVVM.ViewModels;ViewModelBase_Benchmark;Construction;Default;Default;Default;Default;Default;Default;Default;Default;Default;Default;Default;Default;Default;Default;Default;Default;Default;Default;Default;Default;Default;Default;Default;Default;Default;Default;Default;Default;2000;Default;2;Throughput;5;Default;2;"Job-RCQMUY(InvocationCount=2000, LaunchCount=2, RunStrategy=Throughput, TargetCount=5, WarmupCount=2)";;2;IdleTarget;6;9100;2000;4.55;1;0;0;3056
ViewModelBase_Benchmark.Construction;Catel.Benchmarks.MVVM.ViewModels;ViewModelBase_Benchmark;Construction;Default;Default;Default;Default;Default;Default;Default;Default;Default;Default;Default;Default;Default;Default;Default;Default;Default;Default;Default;Default;Default;Default;Default;Default;Default;Default;Default;Default;2000;Default;2;Throughput;5;Default;2;"Job-RCQMUY(InvocationCount=2000, LaunchCount=2, RunStrategy=Throughput, TargetCount=5, WarmupCount=2)";;2;IdleTarget;7;9100;2000;4.55;1;0;0;3056
ViewModelBase_Benchmark.Construction;Catel.Benchmarks.MVVM.ViewModels;ViewModelBase_Benchmark;Construction;Default;Default;Default;Default;Default;Default;Default;Default;Default;Default;Default;Default;Default;Default;Default;Default;Default;Default;Default;Default;Default;Default;Default;Default;Default;Default;Default;Default;2000;Default;2;Throughput;5;Default;2;"Job-RCQMUY(InvocationCount=2000, LaunchCount=2, RunStrategy=Throughput, TargetCount=5, WarmupCount=2)";;2;IdleTarget;8;9000;2000;4.5;1;0;0;3056
ViewModelBase_Benchmark.Construction;Catel.Benchmarks.MVVM.ViewModels;ViewModelBase_Benchmark;Construction;Default;Default;Default;Default;Default;Default;Default;Default;Default;Default;Default;Default;Default;Default;Default;Default;Default;Default;Default;Default;Default;Default;Default;Default;Default;Default;Default;Default;2000;Default;2;Throughput;5;Default;2;"Job-RCQMUY(InvocationCount=2000, LaunchCount=2, RunStrategy=Throughput, TargetCount=5, WarmupCount=2)";;2;IdleTarget;9;9100;2000;4.55;1;0;0;3056
ViewModelBase_Benchmark.Construction;Catel.Benchmarks.MVVM.ViewModels;ViewModelBase_Benchmark;Construction;Default;Default;Default;Default;Default;Default;Default;Default;Default;Default;Default;Default;Default;Default;Default;Default;Default;Default;Default;Default;Default;Default;Default;Default;Default;Default;Default;Default;2000;Default;2;Throughput;5;Default;2;"Job-RCQMUY(InvocationCount=2000, LaunchCount=2, RunStrategy=Throughput, TargetCount=5, WarmupCount=2)";;2;IdleTarget;10;9100;2000;4.55;1;0;0;3056
ViewModelBase_Benchmark.Construction;Catel.Benchmarks.MVVM.ViewModels;ViewModelBase_Benchmark;Construction;Default;Default;Default;Default;Default;Default;Default;Default;Default;Default;Default;Default;Default;Default;Default;Default;Default;Default;Default;Default;Default;Default;Default;Default;Default;Default;Default;Default;2000;Default;2;Throughput;5;Default;2;"Job-RCQMUY(InvocationCount=2000, LaunchCount=2, RunStrategy=Throughput, TargetCount=5, WarmupCount=2)";;2;IdleTarget;11;9100;2000;4.55;1;0;0;3056
ViewModelBase_Benchmark.Construction;Catel.Benchmarks.MVVM.ViewModels;ViewModelBase_Benchmark;Construction;Default;Default;Default;Default;Default;Default;Default;Default;Default;Default;Default;Default;Default;Default;Default;Default;Default;Default;Default;Default;Default;Default;Default;Default;Default;Default;Default;Default;2000;Default;2;Throughput;5;Default;2;"Job-RCQMUY(InvocationCount=2000, LaunchCount=2, RunStrategy=Throughput, TargetCount=5, WarmupCount=2)";;2;IdleTarget;12;9000;2000;4.5;1;0;0;3056
ViewModelBase_Benchmark.Construction;Catel.Benchmarks.MVVM.ViewModels;ViewModelBase_Benchmark;Construction;Default;Default;Default;Default;Default;Default;Default;Default;Default;Default;Default;Default;Default;Default;Default;Default;Default;Default;Default;Default;Default;Default;Default;Default;Default;Default;Default;Default;2000;Default;2;Throughput;5;Default;2;"Job-RCQMUY(InvocationCount=2000, LaunchCount=2, RunStrategy=Throughput, TargetCount=5, WarmupCount=2)";;2;IdleTarget;13;9100;2000;4.55;1;0;0;3056
ViewModelBase_Benchmark.Construction;Catel.Benchmarks.MVVM.ViewModels;ViewModelBase_Benchmark;Construction;Default;Default;Default;Default;Default;Default;Default;Default;Default;Default;Default;Default;Default;Default;Default;Default;Default;Default;Default;Default;Default;Default;Default;Default;Default;Default;Default;Default;2000;Default;2;Throughput;5;Default;2;"Job-RCQMUY(InvocationCount=2000, LaunchCount=2, RunStrategy=Throughput, TargetCount=5, WarmupCount=2)";;2;IdleTarget;14;9000;2000;4.5;1;0;0;3056
ViewModelBase_Benchmark.Construction;Catel.Benchmarks.MVVM.ViewModels;ViewModelBase_Benchmark;Construction;Default;Default;Default;Default;Default;Default;Default;Default;Default;Default;Default;Default;Default;Default;Default;Default;Default;Default;Default;Default;Default;Default;Default;Default;Default;Default;Default;Default;2000;Default;2;Throughput;5;Default;2;"Job-RCQMUY(InvocationCount=2000, LaunchCount=2, RunStrategy=Throughput, TargetCount=5, WarmupCount=2)";;2;IdleTarget;15;9000;2000;4.5;1;0;0;3056
ViewModelBase_Benchmark.Construction;Catel.Benchmarks.MVVM.ViewModels;ViewModelBase_Benchmark;Construction;Default;Default;Default;Default;Default;Default;Default;Default;Default;Default;Default;Default;Default;Default;Default;Default;Default;Default;Default;Default;Default;Default;Default;Default;Default;Default;Default;Default;2000;Default;2;Throughput;5;Default;2;"Job-RCQMUY(InvocationCount=2000, LaunchCount=2, RunStrategy=Throughput, TargetCount=5, WarmupCount=2)";;2;MainWarmup;1;32957800;2000;16478.9;1;0;0;3056
ViewModelBase_Benchmark.Construction;Catel.Benchmarks.MVVM.ViewModels;ViewModelBase_Benchmark;Construction;Default;Default;Default;Default;Default;Default;Default;Default;Default;Default;Default;Default;Default;Default;Default;Default;Default;Default;Default;Default;Default;Default;Default;Default;Default;Default;Default;Default;2000;Default;2;Throughput;5;Default;2;"Job-RCQMUY(InvocationCount=2000, LaunchCount=2, RunStrategy=Throughput, TargetCount=5, WarmupCount=2)";;2;MainWarmup;2;32477700;2000;16238.85;1;0;0;3056
ViewModelBase_Benchmark.Construction;Catel.Benchmarks.MVVM.ViewModels;ViewModelBase_Benchmark;Construction;Default;Default;Default;Default;Default;Default;Default;Default;Default;Default;Default;Default;Default;Default;Default;Default;Default;Default;Default;Default;Default;Default;Default;Default;Default;Default;Default;Default;2000;Default;2;Throughput;5;Default;2;"Job-RCQMUY(InvocationCount=2000, LaunchCount=2, RunStrategy=Throughput, TargetCount=5, WarmupCount=2)";;2;MainTarget;1;30391800;2000;15195.9;1;0;0;3056
ViewModelBase_Benchmark.Construction;Catel.Benchmarks.MVVM.ViewModels;ViewModelBase_Benchmark;Construction;Default;Default;Default;Default;Default;Default;Default;Default;Default;Default;Default;Default;Default;Default;Default;Default;Default;Default;Default;Default;Default;Default;Default;Default;Default;Default;Default;Default;2000;Default;2;Throughput;5;Default;2;"Job-RCQMUY(InvocationCount=2000, LaunchCount=2, RunStrategy=Throughput, TargetCount=5, WarmupCount=2)";;2;MainTarget;2;23744500;2000;11872.25;1;0;0;3056
ViewModelBase_Benchmark.Construction;Catel.Benchmarks.MVVM.ViewModels;ViewModelBase_Benchmark;Construction;Default;Default;Default;Default;Default;Default;Default;Default;Default;Default;Default;Default;Default;Default;Default;Default;Default;Default;Default;Default;Default;Default;Default;Default;Default;Default;Default;Default;2000;Default;2;Throughput;5;Default;2;"Job-RCQMUY(InvocationCount=2000, LaunchCount=2, RunStrategy=Throughput, TargetCount=5, WarmupCount=2)";;2;MainTarget;3;27383500;2000;13691.75;1;0;0;3056
ViewModelBase_Benchmark.Construction;Catel.Benchmarks.MVVM.ViewModels;ViewModelBase_Benchmark;Construction;Default;Default;Default;Default;Default;Default;Default;Default;Default;Default;Default;Default;Default;Default;Default;Default;Default;Default;Default;Default;Default;Default;Default;Default;Default;Default;Default;Default;2000;Default;2;Throughput;5;Default;2;"Job-RCQMUY(InvocationCount=2000, LaunchCount=2, RunStrategy=Throughput, TargetCount=5, WarmupCount=2)";;2;MainTarget;4;31800600;2000;15900.3;1;0;0;3056
ViewModelBase_Benchmark.Construction;Catel.Benchmarks.MVVM.ViewModels;ViewModelBase_Benchmark;Construction;Default;Default;Default;Default;Default;Default;Default;Default;Default;Default;Default;Default;Default;Default;Default;Default;Default;Default;Default;Default;Default;Default;Default;Default;Default;Default;Default;Default;2000;Default;2;Throughput;5;Default;2;"Job-RCQMUY(InvocationCount=2000, LaunchCount=2, RunStrategy=Throughput, TargetCount=5, WarmupCount=2)";;2;MainTarget;5;29962600;2000;14981.3;1;0;0;3056
ViewModelBase_Benchmark.Construction;Catel.Benchmarks.MVVM.ViewModels;ViewModelBase_Benchmark;Construction;Default;Default;Default;Default;Default;Default;Default;Default;Default;Default;Default;Default;Default;Default;Default;Default;Default;Default;Default;Default;Default;Default;Default;Default;Default;Default;Default;Default;2000;Default;2;Throughput;5;Default;2;"Job-RCQMUY(InvocationCount=2000, LaunchCount=2, RunStrategy=Throughput, TargetCount=5, WarmupCount=2)";;2;Result;1;30382733.33;2000;15191.37;1;0;0;3056
ViewModelBase_Benchmark.Construction;Catel.Benchmarks.MVVM.ViewModels;ViewModelBase_Benchmark;Construction;Default;Default;Default;Default;Default;Default;Default;Default;Default;Default;Default;Default;Default;Default;Default;Default;Default;Default;Default;Default;Default;Default;Default;Default;Default;Default;Default;Default;2000;Default;2;Throughput;5;Default;2;"Job-RCQMUY(InvocationCount=2000, LaunchCount=2, RunStrategy=Throughput, TargetCount=5, WarmupCount=2)";;2;Result;2;23735433.33;2000;11867.72;1;0;0;3056
ViewModelBase_Benchmark.Construction;Catel.Benchmarks.MVVM.ViewModels;ViewModelBase_Benchmark;Construction;Default;Default;Default;Default;Default;Default;Default;Default;Default;Default;Default;Default;Default;Default;Default;Default;Default;Default;Default;Default;Default;Default;Default;Default;Default;Default;Default;Default;2000;Default;2;Throughput;5;Default;2;"Job-RCQMUY(InvocationCount=2000, LaunchCount=2, RunStrategy=Throughput, TargetCount=5, WarmupCount=2)";;2;Result;3;27374433.33;2000;13687.22;1;0;0;3056
ViewModelBase_Benchmark.Construction;Catel.Benchmarks.MVVM.ViewModels;ViewModelBase_Benchmark;Construction;Default;Default;Default;Default;Default;Default;Default;Default;Default;Default;Default;Default;Default;Default;Default;Default;Default;Default;Default;Default;Default;Default;Default;Default;Default;Default;Default;Default;2000;Default;2;Throughput;5;Default;2;"Job-RCQMUY(InvocationCount=2000, LaunchCount=2, RunStrategy=Throughput, TargetCount=5, WarmupCount=2)";;2;Result;4;31791533.33;2000;15895.77;1;0;0;3056
ViewModelBase_Benchmark.Construction;Catel.Benchmarks.MVVM.ViewModels;ViewModelBase_Benchmark;Construction;Default;Default;Default;Default;Default;Default;Default;Default;Default;Default;Default;Default;Default;Default;Default;Default;Default;Default;Default;Default;Default;Default;Default;Default;Default;Default;Default;Default;2000;Default;2;Throughput;5;Default;2;"Job-RCQMUY(InvocationCount=2000, LaunchCount=2, RunStrategy=Throughput, TargetCount=5, WarmupCount=2)";;2;Result;5;29953533.33;2000;14976.77;1;0;0;3056
