Target;Target_Namespace;Target_Type;Target_Method;Job_Id;Job_AnalyzeLaunchVariance;Job_EvaluateOverhead;Job_MaxAbsoluteError;Job_MaxRelativeError;Job_MinInvokeCount;Job_MinIterationTime;Job_OutlierMode;Job_Affinity;Job_EnvironmentVariables;Job_Jit;Job_Platform;Job_Runtime;Job_AllowVeryLargeObjects;Job_Concurrent;Job_CpuGroups;Job_Force;Job_HeapAffinitizeMask;Job_HeapCount;Job_NoAffinitize;Job_RetainVm;Job_Server;Job_PowerPlan;Job_Arguments;Job_BuildConfiguration;Job_Clock;Job_EngineFactory;Job_NuGetReferences;Job_Toolchain;Job_IsMutator;Job_InvocationCount;Job_IterationCount;Job_IterationTime;Job_LaunchCount;Job_MaxIterationCount;Job_MaxWarmupIterationCount;Job_MinIterationCount;Job_MinWarmupIterationCount;Job_RunStrategy;Job_UnrollFactor;Job_WarmupCount;Job_Display;Params;Measurement_LaunchIndex;Measurement_IterationMode;Measurement_IterationStage;Measurement_IterationIndex;Measurement_Nanoseconds;Measurement_Operations;Measurement_Value;Gen_0;Gen_1;Gen_2;Allocated_Bytes
ResourceHelper_Benchmark.GetString;Catel.Benchmarks;ResourceHelper_Benchmark;GetString;Default;Default;Default;Default;Default;Default;Default;Default;Default;Default;Default;Default;Default;Default;Default;Default;Default;Default;Default;Default;Default;Default;Default;Default;Default;Default;Default;Default;Default;Default;2500;5;Default;3;Default;Default;Default;Default;Throughput;1;2;"Job-MVKMZI(InvocationCount=2500, IterationCount=5, LaunchCount=3, RunStrategy=Throughput, UnrollFactor=1, WarmupCount=2)";;1;Overhead;Jitting;1;231700;1;231700;2;0;0;1815
ResourceHelper_Benchmark.GetString;Catel.Benchmarks;ResourceHelper_Benchmark;GetString;Default;Default;Default;Default;Default;Default;Default;Default;Default;Default;Default;Default;Default;Default;Default;Default;Default;Default;Default;Default;Default;Default;Default;Default;Default;Default;Default;Default;Default;Default;2500;5;Default;3;Default;Default;Default;Default;Throughput;1;2;"Job-MVKMZI(InvocationCount=2500, IterationCount=5, LaunchCount=3, RunStrategy=Throughput, UnrollFactor=1, WarmupCount=2)";;1;Workload;Jitting;1;129761900;1;129761900;2;0;0;1815
ResourceHelper_Benchmark.GetString;Catel.Benchmarks;ResourceHelper_Benchmark;GetString;Default;Default;Default;Default;Default;Default;Default;Default;Default;Default;Default;Default;Default;Default;Default;Default;Default;Default;Default;Default;Default;Default;Default;Default;Default;Default;Default;Default;Default;Default;2500;5;Default;3;Default;Default;Default;Default;Throughput;1;2;"Job-MVKMZI(InvocationCount=2500, IterationCount=5, LaunchCount=3, RunStrategy=Throughput, UnrollFactor=1, WarmupCount=2)";;1;Overhead;Warmup;1;5900;2500;2.36;2;0;0;1815
ResourceHelper_Benchmark.GetString;Catel.Benchmarks;ResourceHelper_Benchmark;GetString;Default;Default;Default;Default;Default;Default;Default;Default;Default;Default;Default;Default;Default;Default;Default;Default;Default;Default;Default;Default;Default;Default;Default;Default;Default;Default;Default;Default;Default;Default;2500;5;Default;3;Default;Default;Default;Default;Throughput;1;2;"Job-MVKMZI(InvocationCount=2500, IterationCount=5, LaunchCount=3, RunStrategy=Throughput, UnrollFactor=1, WarmupCount=2)";;1;Overhead;Warmup;2;4000;2500;1.6;2;0;0;1815
ResourceHelper_Benchmark.GetString;Catel.Benchmarks;ResourceHelper_Benchmark;GetString;Default;Default;Default;Default;Default;Default;Default;Default;Default;Default;Default;Default;Default;Default;Default;Default;Default;Default;Default;Default;Default;Default;Default;Default;Default;Default;Default;Default;Default;Default;2500;5;Default;3;Default;Default;Default;Default;Throughput;1;2;"Job-MVKMZI(InvocationCount=2500, IterationCount=5, LaunchCount=3, RunStrategy=Throughput, UnrollFactor=1, WarmupCount=2)";;1;Overhead;Warmup;3;4200;2500;1.68;2;0;0;1815
ResourceHelper_Benchmark.GetString;Catel.Benchmarks;ResourceHelper_Benchmark;GetString;Default;Default;Default;Default;Default;Default;Default;Default;Default;Default;Default;Default;Default;Default;Default;Default;Default;Default;Default;Default;Default;Default;Default;Default;Default;Default;Default;Default;Default;Default;2500;5;Default;3;Default;Default;Default;Default;Throughput;1;2;"Job-MVKMZI(InvocationCount=2500, IterationCount=5, LaunchCount=3, RunStrategy=Throughput, UnrollFactor=1, WarmupCount=2)";;1;Overhead;Warmup;4;5300;2500;2.12;2;0;0;1815
ResourceHelper_Benchmark.GetString;Catel.Benchmarks;ResourceHelper_Benchmark;GetString;Default;Default;Default;Default;Default;Default;Default;Default;Default;Default;Default;Default;Default;Default;Default;Default;Default;Default;Default;Default;Default;Default;Default;Default;Default;Default;Default;Default;Default;Default;2500;5;Default;3;Default;Default;Default;Default;Throughput;1;2;"Job-MVKMZI(InvocationCount=2500, IterationCount=5, LaunchCount=3, RunStrategy=Throughput, UnrollFactor=1, WarmupCount=2)";;1;Overhead;Warmup;5;4100;2500;1.64;2;0;0;1815
ResourceHelper_Benchmark.GetString;Catel.Benchmarks;ResourceHelper_Benchmark;GetString;Default;Default;Default;Default;Default;Default;Default;Default;Default;Default;Default;Default;Default;Default;Default;Default;Default;Default;Default;Default;Default;Default;Default;Default;Default;Default;Default;Default;Default;Default;2500;5;Default;3;Default;Default;Default;Default;Throughput;1;2;"Job-MVKMZI(InvocationCount=2500, IterationCount=5, LaunchCount=3, RunStrategy=Throughput, UnrollFactor=1, WarmupCount=2)";;1;Overhead;Warmup;6;4100;2500;1.64;2;0;0;1815
ResourceHelper_Benchmark.GetString;Catel.Benchmarks;ResourceHelper_Benchmark;GetString;Default;Default;Default;Default;Default;Default;Default;Default;Default;Default;Default;Default;Default;Default;Default;Default;Default;Default;Default;Default;Default;Default;Default;Default;Default;Default;Default;Default;Default;Default;2500;5;Default;3;Default;Default;Default;Default;Throughput;1;2;"Job-MVKMZI(InvocationCount=2500, IterationCount=5, LaunchCount=3, RunStrategy=Throughput, UnrollFactor=1, WarmupCount=2)";;1;Overhead;Warmup;7;6000;2500;2.4;2;0;0;1815
ResourceHelper_Benchmark.GetString;Catel.Benchmarks;ResourceHelper_Benchmark;GetString;Default;Default;Default;Default;Default;Default;Default;Default;Default;Default;Default;Default;Default;Default;Default;Default;Default;Default;Default;Default;Default;Default;Default;Default;Default;Default;Default;Default;Default;Default;2500;5;Default;3;Default;Default;Default;Default;Throughput;1;2;"Job-MVKMZI(InvocationCount=2500, IterationCount=5, LaunchCount=3, RunStrategy=Throughput, UnrollFactor=1, WarmupCount=2)";;1;Overhead;Actual;1;4000;2500;1.6;2;0;0;1815
ResourceHelper_Benchmark.GetString;Catel.Benchmarks;ResourceHelper_Benchmark;GetString;Default;Default;Default;Default;Default;Default;Default;Default;Default;Default;Default;Default;Default;Default;Default;Default;Default;Default;Default;Default;Default;Default;Default;Default;Default;Default;Default;Default;Default;Default;2500;5;Default;3;Default;Default;Default;Default;Throughput;1;2;"Job-MVKMZI(InvocationCount=2500, IterationCount=5, LaunchCount=3, RunStrategy=Throughput, UnrollFactor=1, WarmupCount=2)";;1;Overhead;Actual;2;4000;2500;1.6;2;0;0;1815
ResourceHelper_Benchmark.GetString;Catel.Benchmarks;ResourceHelper_Benchmark;GetString;Default;Default;Default;Default;Default;Default;Default;Default;Default;Default;Default;Default;Default;Default;Default;Default;Default;Default;Default;Default;Default;Default;Default;Default;Default;Default;Default;Default;Default;Default;2500;5;Default;3;Default;Default;Default;Default;Throughput;1;2;"Job-MVKMZI(InvocationCount=2500, IterationCount=5, LaunchCount=3, RunStrategy=Throughput, UnrollFactor=1, WarmupCount=2)";;1;Overhead;Actual;3;17400;2500;6.96;2;0;0;1815
ResourceHelper_Benchmark.GetString;Catel.Benchmarks;ResourceHelper_Benchmark;GetString;Default;Default;Default;Default;Default;Default;Default;Default;Default;Default;Default;Default;Default;Default;Default;Default;Default;Default;Default;Default;Default;Default;Default;Default;Default;Default;Default;Default;Default;Default;2500;5;Default;3;Default;Default;Default;Default;Throughput;1;2;"Job-MVKMZI(InvocationCount=2500, IterationCount=5, LaunchCount=3, RunStrategy=Throughput, UnrollFactor=1, WarmupCount=2)";;1;Overhead;Actual;4;4200;2500;1.68;2;0;0;1815
ResourceHelper_Benchmark.GetString;Catel.Benchmarks;ResourceHelper_Benchmark;GetString;Default;Default;Default;Default;Default;Default;Default;Default;Default;Default;Default;Default;Default;Default;Default;Default;Default;Default;Default;Default;Default;Default;Default;Default;Default;Default;Default;Default;Default;Default;2500;5;Default;3;Default;Default;Default;Default;Throughput;1;2;"Job-MVKMZI(InvocationCount=2500, IterationCount=5, LaunchCount=3, RunStrategy=Throughput, UnrollFactor=1, WarmupCount=2)";;1;Overhead;Actual;5;4100;2500;1.64;2;0;0;1815
ResourceHelper_Benchmark.GetString;Catel.Benchmarks;ResourceHelper_Benchmark;GetString;Default;Default;Default;Default;Default;Default;Default;Default;Default;Default;Default;Default;Default;Default;Default;Default;Default;Default;Default;Default;Default;Default;Default;Default;Default;Default;Default;Default;Default;Default;2500;5;Default;3;Default;Default;Default;Default;Throughput;1;2;"Job-MVKMZI(InvocationCount=2500, IterationCount=5, LaunchCount=3, RunStrategy=Throughput, UnrollFactor=1, WarmupCount=2)";;1;Overhead;Actual;6;4300;2500;1.72;2;0;0;1815
ResourceHelper_Benchmark.GetString;Catel.Benchmarks;ResourceHelper_Benchmark;GetString;Default;Default;Default;Default;Default;Default;Default;Default;Default;Default;Default;Default;Default;Default;Default;Default;Default;Default;Default;Default;Default;Default;Default;Default;Default;Default;Default;Default;Default;Default;2500;5;Default;3;Default;Default;Default;Default;Throughput;1;2;"Job-MVKMZI(InvocationCount=2500, IterationCount=5, LaunchCount=3, RunStrategy=Throughput, UnrollFactor=1, WarmupCount=2)";;1;Overhead;Actual;7;4200;2500;1.68;2;0;0;1815
ResourceHelper_Benchmark.GetString;Catel.Benchmarks;ResourceHelper_Benchmark;GetString;Default;Default;Default;Default;Default;Default;Default;Default;Default;Default;Default;Default;Default;Default;Default;Default;Default;Default;Default;Default;Default;Default;Default;Default;Default;Default;Default;Default;Default;Default;2500;5;Default;3;Default;Default;Default;Default;Throughput;1;2;"Job-MVKMZI(InvocationCount=2500, IterationCount=5, LaunchCount=3, RunStrategy=Throughput, UnrollFactor=1, WarmupCount=2)";;1;Overhead;Actual;8;4200;2500;1.68;2;0;0;1815
ResourceHelper_Benchmark.GetString;Catel.Benchmarks;ResourceHelper_Benchmark;GetString;Default;Default;Default;Default;Default;Default;Default;Default;Default;Default;Default;Default;Default;Default;Default;Default;Default;Default;Default;Default;Default;Default;Default;Default;Default;Default;Default;Default;Default;Default;2500;5;Default;3;Default;Default;Default;Default;Throughput;1;2;"Job-MVKMZI(InvocationCount=2500, IterationCount=5, LaunchCount=3, RunStrategy=Throughput, UnrollFactor=1, WarmupCount=2)";;1;Overhead;Actual;9;4400;2500;1.76;2;0;0;1815
ResourceHelper_Benchmark.GetString;Catel.Benchmarks;ResourceHelper_Benchmark;GetString;Default;Default;Default;Default;Default;Default;Default;Default;Default;Default;Default;Default;Default;Default;Default;Default;Default;Default;Default;Default;Default;Default;Default;Default;Default;Default;Default;Default;Default;Default;2500;5;Default;3;Default;Default;Default;Default;Throughput;1;2;"Job-MVKMZI(InvocationCount=2500, IterationCount=5, LaunchCount=3, RunStrategy=Throughput, UnrollFactor=1, WarmupCount=2)";;1;Overhead;Actual;10;4700;2500;1.88;2;0;0;1815
ResourceHelper_Benchmark.GetString;Catel.Benchmarks;ResourceHelper_Benchmark;GetString;Default;Default;Default;Default;Default;Default;Default;Default;Default;Default;Default;Default;Default;Default;Default;Default;Default;Default;Default;Default;Default;Default;Default;Default;Default;Default;Default;Default;Default;Default;2500;5;Default;3;Default;Default;Default;Default;Throughput;1;2;"Job-MVKMZI(InvocationCount=2500, IterationCount=5, LaunchCount=3, RunStrategy=Throughput, UnrollFactor=1, WarmupCount=2)";;1;Overhead;Actual;11;4100;2500;1.64;2;0;0;1815
ResourceHelper_Benchmark.GetString;Catel.Benchmarks;ResourceHelper_Benchmark;GetString;Default;Default;Default;Default;Default;Default;Default;Default;Default;Default;Default;Default;Default;Default;Default;Default;Default;Default;Default;Default;Default;Default;Default;Default;Default;Default;Default;Default;Default;Default;2500;5;Default;3;Default;Default;Default;Default;Throughput;1;2;"Job-MVKMZI(InvocationCount=2500, IterationCount=5, LaunchCount=3, RunStrategy=Throughput, UnrollFactor=1, WarmupCount=2)";;1;Overhead;Actual;12;8200;2500;3.28;2;0;0;1815
ResourceHelper_Benchmark.GetString;Catel.Benchmarks;ResourceHelper_Benchmark;GetString;Default;Default;Default;Default;Default;Default;Default;Default;Default;Default;Default;Default;Default;Default;Default;Default;Default;Default;Default;Default;Default;Default;Default;Default;Default;Default;Default;Default;Default;Default;2500;5;Default;3;Default;Default;Default;Default;Throughput;1;2;"Job-MVKMZI(InvocationCount=2500, IterationCount=5, LaunchCount=3, RunStrategy=Throughput, UnrollFactor=1, WarmupCount=2)";;1;Overhead;Actual;13;5600;2500;2.24;2;0;0;1815
ResourceHelper_Benchmark.GetString;Catel.Benchmarks;ResourceHelper_Benchmark;GetString;Default;Default;Default;Default;Default;Default;Default;Default;Default;Default;Default;Default;Default;Default;Default;Default;Default;Default;Default;Default;Default;Default;Default;Default;Default;Default;Default;Default;Default;Default;2500;5;Default;3;Default;Default;Default;Default;Throughput;1;2;"Job-MVKMZI(InvocationCount=2500, IterationCount=5, LaunchCount=3, RunStrategy=Throughput, UnrollFactor=1, WarmupCount=2)";;1;Overhead;Actual;14;4200;2500;1.68;2;0;0;1815
ResourceHelper_Benchmark.GetString;Catel.Benchmarks;ResourceHelper_Benchmark;GetString;Default;Default;Default;Default;Default;Default;Default;Default;Default;Default;Default;Default;Default;Default;Default;Default;Default;Default;Default;Default;Default;Default;Default;Default;Default;Default;Default;Default;Default;Default;2500;5;Default;3;Default;Default;Default;Default;Throughput;1;2;"Job-MVKMZI(InvocationCount=2500, IterationCount=5, LaunchCount=3, RunStrategy=Throughput, UnrollFactor=1, WarmupCount=2)";;1;Overhead;Actual;15;4300;2500;1.72;2;0;0;1815
ResourceHelper_Benchmark.GetString;Catel.Benchmarks;ResourceHelper_Benchmark;GetString;Default;Default;Default;Default;Default;Default;Default;Default;Default;Default;Default;Default;Default;Default;Default;Default;Default;Default;Default;Default;Default;Default;Default;Default;Default;Default;Default;Default;Default;Default;2500;5;Default;3;Default;Default;Default;Default;Throughput;1;2;"Job-MVKMZI(InvocationCount=2500, IterationCount=5, LaunchCount=3, RunStrategy=Throughput, UnrollFactor=1, WarmupCount=2)";;1;Overhead;Actual;16;4100;2500;1.64;2;0;0;1815
ResourceHelper_Benchmark.GetString;Catel.Benchmarks;ResourceHelper_Benchmark;GetString;Default;Default;Default;Default;Default;Default;Default;Default;Default;Default;Default;Default;Default;Default;Default;Default;Default;Default;Default;Default;Default;Default;Default;Default;Default;Default;Default;Default;Default;Default;2500;5;Default;3;Default;Default;Default;Default;Throughput;1;2;"Job-MVKMZI(InvocationCount=2500, IterationCount=5, LaunchCount=3, RunStrategy=Throughput, UnrollFactor=1, WarmupCount=2)";;1;Overhead;Actual;17;4100;2500;1.64;2;0;0;1815
ResourceHelper_Benchmark.GetString;Catel.Benchmarks;ResourceHelper_Benchmark;GetString;Default;Default;Default;Default;Default;Default;Default;Default;Default;Default;Default;Default;Default;Default;Default;Default;Default;Default;Default;Default;Default;Default;Default;Default;Default;Default;Default;Default;Default;Default;2500;5;Default;3;Default;Default;Default;Default;Throughput;1;2;"Job-MVKMZI(InvocationCount=2500, IterationCount=5, LaunchCount=3, RunStrategy=Throughput, UnrollFactor=1, WarmupCount=2)";;1;Workload;Warmup;1;7263000;2500;2905.2;2;0;0;1815
ResourceHelper_Benchmark.GetString;Catel.Benchmarks;ResourceHelper_Benchmark;GetString;Default;Default;Default;Default;Default;Default;Default;Default;Default;Default;Default;Default;Default;Default;Default;Default;Default;Default;Default;Default;Default;Default;Default;Default;Default;Default;Default;Default;Default;Default;2500;5;Default;3;Default;Default;Default;Default;Throughput;1;2;"Job-MVKMZI(InvocationCount=2500, IterationCount=5, LaunchCount=3, RunStrategy=Throughput, UnrollFactor=1, WarmupCount=2)";;1;Workload;Warmup;2;5864800;2500;2345.92;2;0;0;1815
ResourceHelper_Benchmark.GetString;Catel.Benchmarks;ResourceHelper_Benchmark;GetString;Default;Default;Default;Default;Default;Default;Default;Default;Default;Default;Default;Default;Default;Default;Default;Default;Default;Default;Default;Default;Default;Default;Default;Default;Default;Default;Default;Default;Default;Default;2500;5;Default;3;Default;Default;Default;Default;Throughput;1;2;"Job-MVKMZI(InvocationCount=2500, IterationCount=5, LaunchCount=3, RunStrategy=Throughput, UnrollFactor=1, WarmupCount=2)";;1;Workload;Actual;1;5818600;2500;2327.44;2;0;0;1815
ResourceHelper_Benchmark.GetString;Catel.Benchmarks;ResourceHelper_Benchmark;GetString;Default;Default;Default;Default;Default;Default;Default;Default;Default;Default;Default;Default;Default;Default;Default;Default;Default;Default;Default;Default;Default;Default;Default;Default;Default;Default;Default;Default;Default;Default;2500;5;Default;3;Default;Default;Default;Default;Throughput;1;2;"Job-MVKMZI(InvocationCount=2500, IterationCount=5, LaunchCount=3, RunStrategy=Throughput, UnrollFactor=1, WarmupCount=2)";;1;Workload;Actual;2;6645600;2500;2658.24;2;0;0;1815
ResourceHelper_Benchmark.GetString;Catel.Benchmarks;ResourceHelper_Benchmark;GetString;Default;Default;Default;Default;Default;Default;Default;Default;Default;Default;Default;Default;Default;Default;Default;Default;Default;Default;Default;Default;Default;Default;Default;Default;Default;Default;Default;Default;Default;Default;2500;5;Default;3;Default;Default;Default;Default;Throughput;1;2;"Job-MVKMZI(InvocationCount=2500, IterationCount=5, LaunchCount=3, RunStrategy=Throughput, UnrollFactor=1, WarmupCount=2)";;1;Workload;Actual;3;6199400;2500;2479.76;2;0;0;1815
ResourceHelper_Benchmark.GetString;Catel.Benchmarks;ResourceHelper_Benchmark;GetString;Default;Default;Default;Default;Default;Default;Default;Default;Default;Default;Default;Default;Default;Default;Default;Default;Default;Default;Default;Default;Default;Default;Default;Default;Default;Default;Default;Default;Default;Default;2500;5;Default;3;Default;Default;Default;Default;Throughput;1;2;"Job-MVKMZI(InvocationCount=2500, IterationCount=5, LaunchCount=3, RunStrategy=Throughput, UnrollFactor=1, WarmupCount=2)";;1;Workload;Actual;4;7042800;2500;2817.12;2;0;0;1815
ResourceHelper_Benchmark.GetString;Catel.Benchmarks;ResourceHelper_Benchmark;GetString;Default;Default;Default;Default;Default;Default;Default;Default;Default;Default;Default;Default;Default;Default;Default;Default;Default;Default;Default;Default;Default;Default;Default;Default;Default;Default;Default;Default;Default;Default;2500;5;Default;3;Default;Default;Default;Default;Throughput;1;2;"Job-MVKMZI(InvocationCount=2500, IterationCount=5, LaunchCount=3, RunStrategy=Throughput, UnrollFactor=1, WarmupCount=2)";;1;Workload;Actual;5;6254000;2500;2501.6;2;0;0;1815
ResourceHelper_Benchmark.GetString;Catel.Benchmarks;ResourceHelper_Benchmark;GetString;Default;Default;Default;Default;Default;Default;Default;Default;Default;Default;Default;Default;Default;Default;Default;Default;Default;Default;Default;Default;Default;Default;Default;Default;Default;Default;Default;Default;Default;Default;2500;5;Default;3;Default;Default;Default;Default;Throughput;1;2;"Job-MVKMZI(InvocationCount=2500, IterationCount=5, LaunchCount=3, RunStrategy=Throughput, UnrollFactor=1, WarmupCount=2)";;1;Workload;Result;1;5814400;2500;2325.76;2;0;0;1815
ResourceHelper_Benchmark.GetString;Catel.Benchmarks;ResourceHelper_Benchmark;GetString;Default;Default;Default;Default;Default;Default;Default;Default;Default;Default;Default;Default;Default;Default;Default;Default;Default;Default;Default;Default;Default;Default;Default;Default;Default;Default;Default;Default;Default;Default;2500;5;Default;3;Default;Default;Default;Default;Throughput;1;2;"Job-MVKMZI(InvocationCount=2500, IterationCount=5, LaunchCount=3, RunStrategy=Throughput, UnrollFactor=1, WarmupCount=2)";;1;Workload;Result;2;6641400;2500;2656.56;2;0;0;1815
ResourceHelper_Benchmark.GetString;Catel.Benchmarks;ResourceHelper_Benchmark;GetString;Default;Default;Default;Default;Default;Default;Default;Default;Default;Default;Default;Default;Default;Default;Default;Default;Default;Default;Default;Default;Default;Default;Default;Default;Default;Default;Default;Default;Default;Default;2500;5;Default;3;Default;Default;Default;Default;Throughput;1;2;"Job-MVKMZI(InvocationCount=2500, IterationCount=5, LaunchCount=3, RunStrategy=Throughput, UnrollFactor=1, WarmupCount=2)";;1;Workload;Result;3;6195200;2500;2478.08;2;0;0;1815
ResourceHelper_Benchmark.GetString;Catel.Benchmarks;ResourceHelper_Benchmark;GetString;Default;Default;Default;Default;Default;Default;Default;Default;Default;Default;Default;Default;Default;Default;Default;Default;Default;Default;Default;Default;Default;Default;Default;Default;Default;Default;Default;Default;Default;Default;2500;5;Default;3;Default;Default;Default;Default;Throughput;1;2;"Job-MVKMZI(InvocationCount=2500, IterationCount=5, LaunchCount=3, RunStrategy=Throughput, UnrollFactor=1, WarmupCount=2)";;1;Workload;Result;4;7038600;2500;2815.44;2;0;0;1815
ResourceHelper_Benchmark.GetString;Catel.Benchmarks;ResourceHelper_Benchmark;GetString;Default;Default;Default;Default;Default;Default;Default;Default;Default;Default;Default;Default;Default;Default;Default;Default;Default;Default;Default;Default;Default;Default;Default;Default;Default;Default;Default;Default;Default;Default;2500;5;Default;3;Default;Default;Default;Default;Throughput;1;2;"Job-MVKMZI(InvocationCount=2500, IterationCount=5, LaunchCount=3, RunStrategy=Throughput, UnrollFactor=1, WarmupCount=2)";;1;Workload;Result;5;6249800;2500;2499.92;2;0;0;1815
ResourceHelper_Benchmark.GetString;Catel.Benchmarks;ResourceHelper_Benchmark;GetString;Default;Default;Default;Default;Default;Default;Default;Default;Default;Default;Default;Default;Default;Default;Default;Default;Default;Default;Default;Default;Default;Default;Default;Default;Default;Default;Default;Default;Default;Default;2500;5;Default;3;Default;Default;Default;Default;Throughput;1;2;"Job-MVKMZI(InvocationCount=2500, IterationCount=5, LaunchCount=3, RunStrategy=Throughput, UnrollFactor=1, WarmupCount=2)";;2;Overhead;Jitting;1;227700;1;227700;2;0;0;1815
ResourceHelper_Benchmark.GetString;Catel.Benchmarks;ResourceHelper_Benchmark;GetString;Default;Default;Default;Default;Default;Default;Default;Default;Default;Default;Default;Default;Default;Default;Default;Default;Default;Default;Default;Default;Default;Default;Default;Default;Default;Default;Default;Default;Default;Default;2500;5;Default;3;Default;Default;Default;Default;Throughput;1;2;"Job-MVKMZI(InvocationCount=2500, IterationCount=5, LaunchCount=3, RunStrategy=Throughput, UnrollFactor=1, WarmupCount=2)";;2;Workload;Jitting;1;131228800;1;131228800;2;0;0;1815
ResourceHelper_Benchmark.GetString;Catel.Benchmarks;ResourceHelper_Benchmark;GetString;Default;Default;Default;Default;Default;Default;Default;Default;Default;Default;Default;Default;Default;Default;Default;Default;Default;Default;Default;Default;Default;Default;Default;Default;Default;Default;Default;Default;Default;Default;2500;5;Default;3;Default;Default;Default;Default;Throughput;1;2;"Job-MVKMZI(InvocationCount=2500, IterationCount=5, LaunchCount=3, RunStrategy=Throughput, UnrollFactor=1, WarmupCount=2)";;2;Overhead;Warmup;1;5500;2500;2.2;2;0;0;1815
ResourceHelper_Benchmark.GetString;Catel.Benchmarks;ResourceHelper_Benchmark;GetString;Default;Default;Default;Default;Default;Default;Default;Default;Default;Default;Default;Default;Default;Default;Default;Default;Default;Default;Default;Default;Default;Default;Default;Default;Default;Default;Default;Default;Default;Default;2500;5;Default;3;Default;Default;Default;Default;Throughput;1;2;"Job-MVKMZI(InvocationCount=2500, IterationCount=5, LaunchCount=3, RunStrategy=Throughput, UnrollFactor=1, WarmupCount=2)";;2;Overhead;Warmup;2;3900;2500;1.56;2;0;0;1815
ResourceHelper_Benchmark.GetString;Catel.Benchmarks;ResourceHelper_Benchmark;GetString;Default;Default;Default;Default;Default;Default;Default;Default;Default;Default;Default;Default;Default;Default;Default;Default;Default;Default;Default;Default;Default;Default;Default;Default;Default;Default;Default;Default;Default;Default;2500;5;Default;3;Default;Default;Default;Default;Throughput;1;2;"Job-MVKMZI(InvocationCount=2500, IterationCount=5, LaunchCount=3, RunStrategy=Throughput, UnrollFactor=1, WarmupCount=2)";;2;Overhead;Warmup;3;4200;2500;1.68;2;0;0;1815
ResourceHelper_Benchmark.GetString;Catel.Benchmarks;ResourceHelper_Benchmark;GetString;Default;Default;Default;Default;Default;Default;Default;Default;Default;Default;Default;Default;Default;Default;Default;Default;Default;Default;Default;Default;Default;Default;Default;Default;Default;Default;Default;Default;Default;Default;2500;5;Default;3;Default;Default;Default;Default;Throughput;1;2;"Job-MVKMZI(InvocationCount=2500, IterationCount=5, LaunchCount=3, RunStrategy=Throughput, UnrollFactor=1, WarmupCount=2)";;2;Overhead;Warmup;4;5700;2500;2.28;2;0;0;1815
ResourceHelper_Benchmark.GetString;Catel.Benchmarks;ResourceHelper_Benchmark;GetString;Default;Default;Default;Default;Default;Default;Default;Default;Default;Default;Default;Default;Default;Default;Default;Default;Default;Default;Default;Default;Default;Default;Default;Default;Default;Default;Default;Default;Default;Default;2500;5;Default;3;Default;Default;Default;Default;Throughput;1;2;"Job-MVKMZI(InvocationCount=2500, IterationCount=5, LaunchCount=3, RunStrategy=Throughput, UnrollFactor=1, WarmupCount=2)";;2;Overhead;Warmup;5;6100;2500;2.44;2;0;0;1815
ResourceHelper_Benchmark.GetString;Catel.Benchmarks;ResourceHelper_Benchmark;GetString;Default;Default;Default;Default;Default;Default;Default;Default;Default;Default;Default;Default;Default;Default;Default;Default;Default;Default;Default;Default;Default;Default;Default;Default;Default;Default;Default;Default;Default;Default;2500;5;Default;3;Default;Default;Default;Default;Throughput;1;2;"Job-MVKMZI(InvocationCount=2500, IterationCount=5, LaunchCount=3, RunStrategy=Throughput, UnrollFactor=1, WarmupCount=2)";;2;Overhead;Warmup;6;4300;2500;1.72;2;0;0;1815
ResourceHelper_Benchmark.GetString;Catel.Benchmarks;ResourceHelper_Benchmark;GetString;Default;Default;Default;Default;Default;Default;Default;Default;Default;Default;Default;Default;Default;Default;Default;Default;Default;Default;Default;Default;Default;Default;Default;Default;Default;Default;Default;Default;Default;Default;2500;5;Default;3;Default;Default;Default;Default;Throughput;1;2;"Job-MVKMZI(InvocationCount=2500, IterationCount=5, LaunchCount=3, RunStrategy=Throughput, UnrollFactor=1, WarmupCount=2)";;2;Overhead;Warmup;7;29100;2500;11.64;2;0;0;1815
ResourceHelper_Benchmark.GetString;Catel.Benchmarks;ResourceHelper_Benchmark;GetString;Default;Default;Default;Default;Default;Default;Default;Default;Default;Default;Default;Default;Default;Default;Default;Default;Default;Default;Default;Default;Default;Default;Default;Default;Default;Default;Default;Default;Default;Default;2500;5;Default;3;Default;Default;Default;Default;Throughput;1;2;"Job-MVKMZI(InvocationCount=2500, IterationCount=5, LaunchCount=3, RunStrategy=Throughput, UnrollFactor=1, WarmupCount=2)";;2;Overhead;Warmup;8;34000;2500;13.6;2;0;0;1815
ResourceHelper_Benchmark.GetString;Catel.Benchmarks;ResourceHelper_Benchmark;GetString;Default;Default;Default;Default;Default;Default;Default;Default;Default;Default;Default;Default;Default;Default;Default;Default;Default;Default;Default;Default;Default;Default;Default;Default;Default;Default;Default;Default;Default;Default;2500;5;Default;3;Default;Default;Default;Default;Throughput;1;2;"Job-MVKMZI(InvocationCount=2500, IterationCount=5, LaunchCount=3, RunStrategy=Throughput, UnrollFactor=1, WarmupCount=2)";;2;Overhead;Warmup;9;6900;2500;2.76;2;0;0;1815
ResourceHelper_Benchmark.GetString;Catel.Benchmarks;ResourceHelper_Benchmark;GetString;Default;Default;Default;Default;Default;Default;Default;Default;Default;Default;Default;Default;Default;Default;Default;Default;Default;Default;Default;Default;Default;Default;Default;Default;Default;Default;Default;Default;Default;Default;2500;5;Default;3;Default;Default;Default;Default;Throughput;1;2;"Job-MVKMZI(InvocationCount=2500, IterationCount=5, LaunchCount=3, RunStrategy=Throughput, UnrollFactor=1, WarmupCount=2)";;2;Overhead;Actual;1;4100;2500;1.64;2;0;0;1815
ResourceHelper_Benchmark.GetString;Catel.Benchmarks;ResourceHelper_Benchmark;GetString;Default;Default;Default;Default;Default;Default;Default;Default;Default;Default;Default;Default;Default;Default;Default;Default;Default;Default;Default;Default;Default;Default;Default;Default;Default;Default;Default;Default;Default;Default;2500;5;Default;3;Default;Default;Default;Default;Throughput;1;2;"Job-MVKMZI(InvocationCount=2500, IterationCount=5, LaunchCount=3, RunStrategy=Throughput, UnrollFactor=1, WarmupCount=2)";;2;Overhead;Actual;2;3900;2500;1.56;2;0;0;1815
ResourceHelper_Benchmark.GetString;Catel.Benchmarks;ResourceHelper_Benchmark;GetString;Default;Default;Default;Default;Default;Default;Default;Default;Default;Default;Default;Default;Default;Default;Default;Default;Default;Default;Default;Default;Default;Default;Default;Default;Default;Default;Default;Default;Default;Default;2500;5;Default;3;Default;Default;Default;Default;Throughput;1;2;"Job-MVKMZI(InvocationCount=2500, IterationCount=5, LaunchCount=3, RunStrategy=Throughput, UnrollFactor=1, WarmupCount=2)";;2;Overhead;Actual;3;4200;2500;1.68;2;0;0;1815
ResourceHelper_Benchmark.GetString;Catel.Benchmarks;ResourceHelper_Benchmark;GetString;Default;Default;Default;Default;Default;Default;Default;Default;Default;Default;Default;Default;Default;Default;Default;Default;Default;Default;Default;Default;Default;Default;Default;Default;Default;Default;Default;Default;Default;Default;2500;5;Default;3;Default;Default;Default;Default;Throughput;1;2;"Job-MVKMZI(InvocationCount=2500, IterationCount=5, LaunchCount=3, RunStrategy=Throughput, UnrollFactor=1, WarmupCount=2)";;2;Overhead;Actual;4;4300;2500;1.72;2;0;0;1815
ResourceHelper_Benchmark.GetString;Catel.Benchmarks;ResourceHelper_Benchmark;GetString;Default;Default;Default;Default;Default;Default;Default;Default;Default;Default;Default;Default;Default;Default;Default;Default;Default;Default;Default;Default;Default;Default;Default;Default;Default;Default;Default;Default;Default;Default;2500;5;Default;3;Default;Default;Default;Default;Throughput;1;2;"Job-MVKMZI(InvocationCount=2500, IterationCount=5, LaunchCount=3, RunStrategy=Throughput, UnrollFactor=1, WarmupCount=2)";;2;Overhead;Actual;5;22100;2500;8.84;2;0;0;1815
ResourceHelper_Benchmark.GetString;Catel.Benchmarks;ResourceHelper_Benchmark;GetString;Default;Default;Default;Default;Default;Default;Default;Default;Default;Default;Default;Default;Default;Default;Default;Default;Default;Default;Default;Default;Default;Default;Default;Default;Default;Default;Default;Default;Default;Default;2500;5;Default;3;Default;Default;Default;Default;Throughput;1;2;"Job-MVKMZI(InvocationCount=2500, IterationCount=5, LaunchCount=3, RunStrategy=Throughput, UnrollFactor=1, WarmupCount=2)";;2;Overhead;Actual;6;4300;2500;1.72;2;0;0;1815
ResourceHelper_Benchmark.GetString;Catel.Benchmarks;ResourceHelper_Benchmark;GetString;Default;Default;Default;Default;Default;Default;Default;Default;Default;Default;Default;Default;Default;Default;Default;Default;Default;Default;Default;Default;Default;Default;Default;Default;Default;Default;Default;Default;Default;Default;2500;5;Default;3;Default;Default;Default;Default;Throughput;1;2;"Job-MVKMZI(InvocationCount=2500, IterationCount=5, LaunchCount=3, RunStrategy=Throughput, UnrollFactor=1, WarmupCount=2)";;2;Overhead;Actual;7;11600;2500;4.64;2;0;0;1815
ResourceHelper_Benchmark.GetString;Catel.Benchmarks;ResourceHelper_Benchmark;GetString;Default;Default;Default;Default;Default;Default;Default;Default;Default;Default;Default;Default;Default;Default;Default;Default;Default;Default;Default;Default;Default;Default;Default;Default;Default;Default;Default;Default;Default;Default;2500;5;Default;3;Default;Default;Default;Default;Throughput;1;2;"Job-MVKMZI(InvocationCount=2500, IterationCount=5, LaunchCount=3, RunStrategy=Throughput, UnrollFactor=1, WarmupCount=2)";;2;Overhead;Actual;8;4200;2500;1.68;2;0;0;1815
ResourceHelper_Benchmark.GetString;Catel.Benchmarks;ResourceHelper_Benchmark;GetString;Default;Default;Default;Default;Default;Default;Default;Default;Default;Default;Default;Default;Default;Default;Default;Default;Default;Default;Default;Default;Default;Default;Default;Default;Default;Default;Default;Default;Default;Default;2500;5;Default;3;Default;Default;Default;Default;Throughput;1;2;"Job-MVKMZI(InvocationCount=2500, IterationCount=5, LaunchCount=3, RunStrategy=Throughput, UnrollFactor=1, WarmupCount=2)";;2;Overhead;Actual;9;17200;2500;6.88;2;0;0;1815
ResourceHelper_Benchmark.GetString;Catel.Benchmarks;ResourceHelper_Benchmark;GetString;Default;Default;Default;Default;Default;Default;Default;Default;Default;Default;Default;Default;Default;Default;Default;Default;Default;Default;Default;Default;Default;Default;Default;Default;Default;Default;Default;Default;Default;Default;2500;5;Default;3;Default;Default;Default;Default;Throughput;1;2;"Job-MVKMZI(InvocationCount=2500, IterationCount=5, LaunchCount=3, RunStrategy=Throughput, UnrollFactor=1, WarmupCount=2)";;2;Overhead;Actual;10;10100;2500;4.04;2;0;0;1815
ResourceHelper_Benchmark.GetString;Catel.Benchmarks;ResourceHelper_Benchmark;GetString;Default;Default;Default;Default;Default;Default;Default;Default;Default;Default;Default;Default;Default;Default;Default;Default;Default;Default;Default;Default;Default;Default;Default;Default;Default;Default;Default;Default;Default;Default;2500;5;Default;3;Default;Default;Default;Default;Throughput;1;2;"Job-MVKMZI(InvocationCount=2500, IterationCount=5, LaunchCount=3, RunStrategy=Throughput, UnrollFactor=1, WarmupCount=2)";;2;Overhead;Actual;11;4200;2500;1.68;2;0;0;1815
ResourceHelper_Benchmark.GetString;Catel.Benchmarks;ResourceHelper_Benchmark;GetString;Default;Default;Default;Default;Default;Default;Default;Default;Default;Default;Default;Default;Default;Default;Default;Default;Default;Default;Default;Default;Default;Default;Default;Default;Default;Default;Default;Default;Default;Default;2500;5;Default;3;Default;Default;Default;Default;Throughput;1;2;"Job-MVKMZI(InvocationCount=2500, IterationCount=5, LaunchCount=3, RunStrategy=Throughput, UnrollFactor=1, WarmupCount=2)";;2;Overhead;Actual;12;4100;2500;1.64;2;0;0;1815
ResourceHelper_Benchmark.GetString;Catel.Benchmarks;ResourceHelper_Benchmark;GetString;Default;Default;Default;Default;Default;Default;Default;Default;Default;Default;Default;Default;Default;Default;Default;Default;Default;Default;Default;Default;Default;Default;Default;Default;Default;Default;Default;Default;Default;Default;2500;5;Default;3;Default;Default;Default;Default;Throughput;1;2;"Job-MVKMZI(InvocationCount=2500, IterationCount=5, LaunchCount=3, RunStrategy=Throughput, UnrollFactor=1, WarmupCount=2)";;2;Overhead;Actual;13;4500;2500;1.8;2;0;0;1815
ResourceHelper_Benchmark.GetString;Catel.Benchmarks;ResourceHelper_Benchmark;GetString;Default;Default;Default;Default;Default;Default;Default;Default;Default;Default;Default;Default;Default;Default;Default;Default;Default;Default;Default;Default;Default;Default;Default;Default;Default;Default;Default;Default;Default;Default;2500;5;Default;3;Default;Default;Default;Default;Throughput;1;2;"Job-MVKMZI(InvocationCount=2500, IterationCount=5, LaunchCount=3, RunStrategy=Throughput, UnrollFactor=1, WarmupCount=2)";;2;Overhead;Actual;14;4700;2500;1.88;2;0;0;1815
ResourceHelper_Benchmark.GetString;Catel.Benchmarks;ResourceHelper_Benchmark;GetString;Default;Default;Default;Default;Default;Default;Default;Default;Default;Default;Default;Default;Default;Default;Default;Default;Default;Default;Default;Default;Default;Default;Default;Default;Default;Default;Default;Default;Default;Default;2500;5;Default;3;Default;Default;Default;Default;Throughput;1;2;"Job-MVKMZI(InvocationCount=2500, IterationCount=5, LaunchCount=3, RunStrategy=Throughput, UnrollFactor=1, WarmupCount=2)";;2;Overhead;Actual;15;4200;2500;1.68;2;0;0;1815
ResourceHelper_Benchmark.GetString;Catel.Benchmarks;ResourceHelper_Benchmark;GetString;Default;Default;Default;Default;Default;Default;Default;Default;Default;Default;Default;Default;Default;Default;Default;Default;Default;Default;Default;Default;Default;Default;Default;Default;Default;Default;Default;Default;Default;Default;2500;5;Default;3;Default;Default;Default;Default;Throughput;1;2;"Job-MVKMZI(InvocationCount=2500, IterationCount=5, LaunchCount=3, RunStrategy=Throughput, UnrollFactor=1, WarmupCount=2)";;2;Overhead;Actual;16;4800;2500;1.92;2;0;0;1815
ResourceHelper_Benchmark.GetString;Catel.Benchmarks;ResourceHelper_Benchmark;GetString;Default;Default;Default;Default;Default;Default;Default;Default;Default;Default;Default;Default;Default;Default;Default;Default;Default;Default;Default;Default;Default;Default;Default;Default;Default;Default;Default;Default;Default;Default;2500;5;Default;3;Default;Default;Default;Default;Throughput;1;2;"Job-MVKMZI(InvocationCount=2500, IterationCount=5, LaunchCount=3, RunStrategy=Throughput, UnrollFactor=1, WarmupCount=2)";;2;Overhead;Actual;17;4200;2500;1.68;2;0;0;1815
ResourceHelper_Benchmark.GetString;Catel.Benchmarks;ResourceHelper_Benchmark;GetString;Default;Default;Default;Default;Default;Default;Default;Default;Default;Default;Default;Default;Default;Default;Default;Default;Default;Default;Default;Default;Default;Default;Default;Default;Default;Default;Default;Default;Default;Default;2500;5;Default;3;Default;Default;Default;Default;Throughput;1;2;"Job-MVKMZI(InvocationCount=2500, IterationCount=5, LaunchCount=3, RunStrategy=Throughput, UnrollFactor=1, WarmupCount=2)";;2;Overhead;Actual;18;4200;2500;1.68;2;0;0;1815
ResourceHelper_Benchmark.GetString;Catel.Benchmarks;ResourceHelper_Benchmark;GetString;Default;Default;Default;Default;Default;Default;Default;Default;Default;Default;Default;Default;Default;Default;Default;Default;Default;Default;Default;Default;Default;Default;Default;Default;Default;Default;Default;Default;Default;Default;2500;5;Default;3;Default;Default;Default;Default;Throughput;1;2;"Job-MVKMZI(InvocationCount=2500, IterationCount=5, LaunchCount=3, RunStrategy=Throughput, UnrollFactor=1, WarmupCount=2)";;2;Overhead;Actual;19;29700;2500;11.88;2;0;0;1815
ResourceHelper_Benchmark.GetString;Catel.Benchmarks;ResourceHelper_Benchmark;GetString;Default;Default;Default;Default;Default;Default;Default;Default;Default;Default;Default;Default;Default;Default;Default;Default;Default;Default;Default;Default;Default;Default;Default;Default;Default;Default;Default;Default;Default;Default;2500;5;Default;3;Default;Default;Default;Default;Throughput;1;2;"Job-MVKMZI(InvocationCount=2500, IterationCount=5, LaunchCount=3, RunStrategy=Throughput, UnrollFactor=1, WarmupCount=2)";;2;Overhead;Actual;20;4200;2500;1.68;2;0;0;1815
ResourceHelper_Benchmark.GetString;Catel.Benchmarks;ResourceHelper_Benchmark;GetString;Default;Default;Default;Default;Default;Default;Default;Default;Default;Default;Default;Default;Default;Default;Default;Default;Default;Default;Default;Default;Default;Default;Default;Default;Default;Default;Default;Default;Default;Default;2500;5;Default;3;Default;Default;Default;Default;Throughput;1;2;"Job-MVKMZI(InvocationCount=2500, IterationCount=5, LaunchCount=3, RunStrategy=Throughput, UnrollFactor=1, WarmupCount=2)";;2;Workload;Warmup;1;7494300;2500;2997.72;2;0;0;1815
ResourceHelper_Benchmark.GetString;Catel.Benchmarks;ResourceHelper_Benchmark;GetString;Default;Default;Default;Default;Default;Default;Default;Default;Default;Default;Default;Default;Default;Default;Default;Default;Default;Default;Default;Default;Default;Default;Default;Default;Default;Default;Default;Default;Default;Default;2500;5;Default;3;Default;Default;Default;Default;Throughput;1;2;"Job-MVKMZI(InvocationCount=2500, IterationCount=5, LaunchCount=3, RunStrategy=Throughput, UnrollFactor=1, WarmupCount=2)";;2;Workload;Warmup;2;5835900;2500;2334.36;2;0;0;1815
ResourceHelper_Benchmark.GetString;Catel.Benchmarks;ResourceHelper_Benchmark;GetString;Default;Default;Default;Default;Default;Default;Default;Default;Default;Default;Default;Default;Default;Default;Default;Default;Default;Default;Default;Default;Default;Default;Default;Default;Default;Default;Default;Default;Default;Default;2500;5;Default;3;Default;Default;Default;Default;Throughput;1;2;"Job-MVKMZI(InvocationCount=2500, IterationCount=5, LaunchCount=3, RunStrategy=Throughput, UnrollFactor=1, WarmupCount=2)";;2;Workload;Actual;1;6764800;2500;2705.92;2;0;0;1815
ResourceHelper_Benchmark.GetString;Catel.Benchmarks;ResourceHelper_Benchmark;GetString;Default;Default;Default;Default;Default;Default;Default;Default;Default;Default;Default;Default;Default;Default;Default;Default;Default;Default;Default;Default;Default;Default;Default;Default;Default;Default;Default;Default;Default;Default;2500;5;Default;3;Default;Default;Default;Default;Throughput;1;2;"Job-MVKMZI(InvocationCount=2500, IterationCount=5, LaunchCount=3, RunStrategy=Throughput, UnrollFactor=1, WarmupCount=2)";;2;Workload;Actual;2;6704900;2500;2681.96;2;0;0;1815
ResourceHelper_Benchmark.GetString;Catel.Benchmarks;ResourceHelper_Benchmark;GetString;Default;Default;Default;Default;Default;Default;Default;Default;Default;Default;Default;Default;Default;Default;Default;Default;Default;Default;Default;Default;Default;Default;Default;Default;Default;Default;Default;Default;Default;Default;2500;5;Default;3;Default;Default;Default;Default;Throughput;1;2;"Job-MVKMZI(InvocationCount=2500, IterationCount=5, LaunchCount=3, RunStrategy=Throughput, UnrollFactor=1, WarmupCount=2)";;2;Workload;Actual;3;6337600;2500;2535.04;2;0;0;1815
ResourceHelper_Benchmark.GetString;Catel.Benchmarks;ResourceHelper_Benchmark;GetString;Default;Default;Default;Default;Default;Default;Default;Default;Default;Default;Default;Default;Default;Default;Default;Default;Default;Default;Default;Default;Default;Default;Default;Default;Default;Default;Default;Default;Default;Default;2500;5;Default;3;Default;Default;Default;Default;Throughput;1;2;"Job-MVKMZI(InvocationCount=2500, IterationCount=5, LaunchCount=3, RunStrategy=Throughput, UnrollFactor=1, WarmupCount=2)";;2;Workload;Actual;4;7173400;2500;2869.36;2;0;0;1815
ResourceHelper_Benchmark.GetString;Catel.Benchmarks;ResourceHelper_Benchmark;GetString;Default;Default;Default;Default;Default;Default;Default;Default;Default;Default;Default;Default;Default;Default;Default;Default;Default;Default;Default;Default;Default;Default;Default;Default;Default;Default;Default;Default;Default;Default;2500;5;Default;3;Default;Default;Default;Default;Throughput;1;2;"Job-MVKMZI(InvocationCount=2500, IterationCount=5, LaunchCount=3, RunStrategy=Throughput, UnrollFactor=1, WarmupCount=2)";;2;Workload;Actual;5;6407500;2500;2563;2;0;0;1815
ResourceHelper_Benchmark.GetString;Catel.Benchmarks;ResourceHelper_Benchmark;GetString;Default;Default;Default;Default;Default;Default;Default;Default;Default;Default;Default;Default;Default;Default;Default;Default;Default;Default;Default;Default;Default;Default;Default;Default;Default;Default;Default;Default;Default;Default;2500;5;Default;3;Default;Default;Default;Default;Throughput;1;2;"Job-MVKMZI(InvocationCount=2500, IterationCount=5, LaunchCount=3, RunStrategy=Throughput, UnrollFactor=1, WarmupCount=2)";;2;Workload;Result;1;6760550;2500;2704.22;2;0;0;1815
ResourceHelper_Benchmark.GetString;Catel.Benchmarks;ResourceHelper_Benchmark;GetString;Default;Default;Default;Default;Default;Default;Default;Default;Default;Default;Default;Default;Default;Default;Default;Default;Default;Default;Default;Default;Default;Default;Default;Default;Default;Default;Default;Default;Default;Default;2500;5;Default;3;Default;Default;Default;Default;Throughput;1;2;"Job-MVKMZI(InvocationCount=2500, IterationCount=5, LaunchCount=3, RunStrategy=Throughput, UnrollFactor=1, WarmupCount=2)";;2;Workload;Result;2;6700650;2500;2680.26;2;0;0;1815
ResourceHelper_Benchmark.GetString;Catel.Benchmarks;ResourceHelper_Benchmark;GetString;Default;Default;Default;Default;Default;Default;Default;Default;Default;Default;Default;Default;Default;Default;Default;Default;Default;Default;Default;Default;Default;Default;Default;Default;Default;Default;Default;Default;Default;Default;2500;5;Default;3;Default;Default;Default;Default;Throughput;1;2;"Job-MVKMZI(InvocationCount=2500, IterationCount=5, LaunchCount=3, RunStrategy=Throughput, UnrollFactor=1, WarmupCount=2)";;2;Workload;Result;3;6333350;2500;2533.34;2;0;0;1815
ResourceHelper_Benchmark.GetString;Catel.Benchmarks;ResourceHelper_Benchmark;GetString;Default;Default;Default;Default;Default;Default;Default;Default;Default;Default;Default;Default;Default;Default;Default;Default;Default;Default;Default;Default;Default;Default;Default;Default;Default;Default;Default;Default;Default;Default;2500;5;Default;3;Default;Default;Default;Default;Throughput;1;2;"Job-MVKMZI(InvocationCount=2500, IterationCount=5, LaunchCount=3, RunStrategy=Throughput, UnrollFactor=1, WarmupCount=2)";;2;Workload;Result;4;7169150;2500;2867.66;2;0;0;1815
ResourceHelper_Benchmark.GetString;Catel.Benchmarks;ResourceHelper_Benchmark;GetString;Default;Default;Default;Default;Default;Default;Default;Default;Default;Default;Default;Default;Default;Default;Default;Default;Default;Default;Default;Default;Default;Default;Default;Default;Default;Default;Default;Default;Default;Default;2500;5;Default;3;Default;Default;Default;Default;Throughput;1;2;"Job-MVKMZI(InvocationCount=2500, IterationCount=5, LaunchCount=3, RunStrategy=Throughput, UnrollFactor=1, WarmupCount=2)";;2;Workload;Result;5;6403250;2500;2561.3;2;0;0;1815
ResourceHelper_Benchmark.GetString;Catel.Benchmarks;ResourceHelper_Benchmark;GetString;Default;Default;Default;Default;Default;Default;Default;Default;Default;Default;Default;Default;Default;Default;Default;Default;Default;Default;Default;Default;Default;Default;Default;Default;Default;Default;Default;Default;Default;Default;2500;5;Default;3;Default;Default;Default;Default;Throughput;1;2;"Job-MVKMZI(InvocationCount=2500, IterationCount=5, LaunchCount=3, RunStrategy=Throughput, UnrollFactor=1, WarmupCount=2)";;3;Overhead;Jitting;1;231700;1;231700;2;0;0;1815
ResourceHelper_Benchmark.GetString;Catel.Benchmarks;ResourceHelper_Benchmark;GetString;Default;Default;Default;Default;Default;Default;Default;Default;Default;Default;Default;Default;Default;Default;Default;Default;Default;Default;Default;Default;Default;Default;Default;Default;Default;Default;Default;Default;Default;Default;2500;5;Default;3;Default;Default;Default;Default;Throughput;1;2;"Job-MVKMZI(InvocationCount=2500, IterationCount=5, LaunchCount=3, RunStrategy=Throughput, UnrollFactor=1, WarmupCount=2)";;3;Workload;Jitting;1;130826600;1;130826600;2;0;0;1815
ResourceHelper_Benchmark.GetString;Catel.Benchmarks;ResourceHelper_Benchmark;GetString;Default;Default;Default;Default;Default;Default;Default;Default;Default;Default;Default;Default;Default;Default;Default;Default;Default;Default;Default;Default;Default;Default;Default;Default;Default;Default;Default;Default;Default;Default;2500;5;Default;3;Default;Default;Default;Default;Throughput;1;2;"Job-MVKMZI(InvocationCount=2500, IterationCount=5, LaunchCount=3, RunStrategy=Throughput, UnrollFactor=1, WarmupCount=2)";;3;Overhead;Warmup;1;5600;2500;2.24;2;0;0;1815
ResourceHelper_Benchmark.GetString;Catel.Benchmarks;ResourceHelper_Benchmark;GetString;Default;Default;Default;Default;Default;Default;Default;Default;Default;Default;Default;Default;Default;Default;Default;Default;Default;Default;Default;Default;Default;Default;Default;Default;Default;Default;Default;Default;Default;Default;2500;5;Default;3;Default;Default;Default;Default;Throughput;1;2;"Job-MVKMZI(InvocationCount=2500, IterationCount=5, LaunchCount=3, RunStrategy=Throughput, UnrollFactor=1, WarmupCount=2)";;3;Overhead;Warmup;2;4000;2500;1.6;2;0;0;1815
ResourceHelper_Benchmark.GetString;Catel.Benchmarks;ResourceHelper_Benchmark;GetString;Default;Default;Default;Default;Default;Default;Default;Default;Default;Default;Default;Default;Default;Default;Default;Default;Default;Default;Default;Default;Default;Default;Default;Default;Default;Default;Default;Default;Default;Default;2500;5;Default;3;Default;Default;Default;Default;Throughput;1;2;"Job-MVKMZI(InvocationCount=2500, IterationCount=5, LaunchCount=3, RunStrategy=Throughput, UnrollFactor=1, WarmupCount=2)";;3;Overhead;Warmup;3;4900;2500;1.96;2;0;0;1815
ResourceHelper_Benchmark.GetString;Catel.Benchmarks;ResourceHelper_Benchmark;GetString;Default;Default;Default;Default;Default;Default;Default;Default;Default;Default;Default;Default;Default;Default;Default;Default;Default;Default;Default;Default;Default;Default;Default;Default;Default;Default;Default;Default;Default;Default;2500;5;Default;3;Default;Default;Default;Default;Throughput;1;2;"Job-MVKMZI(InvocationCount=2500, IterationCount=5, LaunchCount=3, RunStrategy=Throughput, UnrollFactor=1, WarmupCount=2)";;3;Overhead;Warmup;4;5800;2500;2.32;2;0;0;1815
ResourceHelper_Benchmark.GetString;Catel.Benchmarks;ResourceHelper_Benchmark;GetString;Default;Default;Default;Default;Default;Default;Default;Default;Default;Default;Default;Default;Default;Default;Default;Default;Default;Default;Default;Default;Default;Default;Default;Default;Default;Default;Default;Default;Default;Default;2500;5;Default;3;Default;Default;Default;Default;Throughput;1;2;"Job-MVKMZI(InvocationCount=2500, IterationCount=5, LaunchCount=3, RunStrategy=Throughput, UnrollFactor=1, WarmupCount=2)";;3;Overhead;Warmup;5;4600;2500;1.84;2;0;0;1815
ResourceHelper_Benchmark.GetString;Catel.Benchmarks;ResourceHelper_Benchmark;GetString;Default;Default;Default;Default;Default;Default;Default;Default;Default;Default;Default;Default;Default;Default;Default;Default;Default;Default;Default;Default;Default;Default;Default;Default;Default;Default;Default;Default;Default;Default;2500;5;Default;3;Default;Default;Default;Default;Throughput;1;2;"Job-MVKMZI(InvocationCount=2500, IterationCount=5, LaunchCount=3, RunStrategy=Throughput, UnrollFactor=1, WarmupCount=2)";;3;Overhead;Warmup;6;10400;2500;4.16;2;0;0;1815
ResourceHelper_Benchmark.GetString;Catel.Benchmarks;ResourceHelper_Benchmark;GetString;Default;Default;Default;Default;Default;Default;Default;Default;Default;Default;Default;Default;Default;Default;Default;Default;Default;Default;Default;Default;Default;Default;Default;Default;Default;Default;Default;Default;Default;Default;2500;5;Default;3;Default;Default;Default;Default;Throughput;1;2;"Job-MVKMZI(InvocationCount=2500, IterationCount=5, LaunchCount=3, RunStrategy=Throughput, UnrollFactor=1, WarmupCount=2)";;3;Overhead;Warmup;7;22500;2500;9;2;0;0;1815
ResourceHelper_Benchmark.GetString;Catel.Benchmarks;ResourceHelper_Benchmark;GetString;Default;Default;Default;Default;Default;Default;Default;Default;Default;Default;Default;Default;Default;Default;Default;Default;Default;Default;Default;Default;Default;Default;Default;Default;Default;Default;Default;Default;Default;Default;2500;5;Default;3;Default;Default;Default;Default;Throughput;1;2;"Job-MVKMZI(InvocationCount=2500, IterationCount=5, LaunchCount=3, RunStrategy=Throughput, UnrollFactor=1, WarmupCount=2)";;3;Overhead;Warmup;8;6400;2500;2.56;2;0;0;1815
ResourceHelper_Benchmark.GetString;Catel.Benchmarks;ResourceHelper_Benchmark;GetString;Default;Default;Default;Default;Default;Default;Default;Default;Default;Default;Default;Default;Default;Default;Default;Default;Default;Default;Default;Default;Default;Default;Default;Default;Default;Default;Default;Default;Default;Default;2500;5;Default;3;Default;Default;Default;Default;Throughput;1;2;"Job-MVKMZI(InvocationCount=2500, IterationCount=5, LaunchCount=3, RunStrategy=Throughput, UnrollFactor=1, WarmupCount=2)";;3;Overhead;Actual;1;4000;2500;1.6;2;0;0;1815
ResourceHelper_Benchmark.GetString;Catel.Benchmarks;ResourceHelper_Benchmark;GetString;Default;Default;Default;Default;Default;Default;Default;Default;Default;Default;Default;Default;Default;Default;Default;Default;Default;Default;Default;Default;Default;Default;Default;Default;Default;Default;Default;Default;Default;Default;2500;5;Default;3;Default;Default;Default;Default;Throughput;1;2;"Job-MVKMZI(InvocationCount=2500, IterationCount=5, LaunchCount=3, RunStrategy=Throughput, UnrollFactor=1, WarmupCount=2)";;3;Overhead;Actual;2;4000;2500;1.6;2;0;0;1815
ResourceHelper_Benchmark.GetString;Catel.Benchmarks;ResourceHelper_Benchmark;GetString;Default;Default;Default;Default;Default;Default;Default;Default;Default;Default;Default;Default;Default;Default;Default;Default;Default;Default;Default;Default;Default;Default;Default;Default;Default;Default;Default;Default;Default;Default;2500;5;Default;3;Default;Default;Default;Default;Throughput;1;2;"Job-MVKMZI(InvocationCount=2500, IterationCount=5, LaunchCount=3, RunStrategy=Throughput, UnrollFactor=1, WarmupCount=2)";;3;Overhead;Actual;3;4400;2500;1.76;2;0;0;1815
ResourceHelper_Benchmark.GetString;Catel.Benchmarks;ResourceHelper_Benchmark;GetString;Default;Default;Default;Default;Default;Default;Default;Default;Default;Default;Default;Default;Default;Default;Default;Default;Default;Default;Default;Default;Default;Default;Default;Default;Default;Default;Default;Default;Default;Default;2500;5;Default;3;Default;Default;Default;Default;Throughput;1;2;"Job-MVKMZI(InvocationCount=2500, IterationCount=5, LaunchCount=3, RunStrategy=Throughput, UnrollFactor=1, WarmupCount=2)";;3;Overhead;Actual;4;4300;2500;1.72;2;0;0;1815
ResourceHelper_Benchmark.GetString;Catel.Benchmarks;ResourceHelper_Benchmark;GetString;Default;Default;Default;Default;Default;Default;Default;Default;Default;Default;Default;Default;Default;Default;Default;Default;Default;Default;Default;Default;Default;Default;Default;Default;Default;Default;Default;Default;Default;Default;2500;5;Default;3;Default;Default;Default;Default;Throughput;1;2;"Job-MVKMZI(InvocationCount=2500, IterationCount=5, LaunchCount=3, RunStrategy=Throughput, UnrollFactor=1, WarmupCount=2)";;3;Overhead;Actual;5;4200;2500;1.68;2;0;0;1815
ResourceHelper_Benchmark.GetString;Catel.Benchmarks;ResourceHelper_Benchmark;GetString;Default;Default;Default;Default;Default;Default;Default;Default;Default;Default;Default;Default;Default;Default;Default;Default;Default;Default;Default;Default;Default;Default;Default;Default;Default;Default;Default;Default;Default;Default;2500;5;Default;3;Default;Default;Default;Default;Throughput;1;2;"Job-MVKMZI(InvocationCount=2500, IterationCount=5, LaunchCount=3, RunStrategy=Throughput, UnrollFactor=1, WarmupCount=2)";;3;Overhead;Actual;6;4400;2500;1.76;2;0;0;1815
ResourceHelper_Benchmark.GetString;Catel.Benchmarks;ResourceHelper_Benchmark;GetString;Default;Default;Default;Default;Default;Default;Default;Default;Default;Default;Default;Default;Default;Default;Default;Default;Default;Default;Default;Default;Default;Default;Default;Default;Default;Default;Default;Default;Default;Default;2500;5;Default;3;Default;Default;Default;Default;Throughput;1;2;"Job-MVKMZI(InvocationCount=2500, IterationCount=5, LaunchCount=3, RunStrategy=Throughput, UnrollFactor=1, WarmupCount=2)";;3;Overhead;Actual;7;4300;2500;1.72;2;0;0;1815
ResourceHelper_Benchmark.GetString;Catel.Benchmarks;ResourceHelper_Benchmark;GetString;Default;Default;Default;Default;Default;Default;Default;Default;Default;Default;Default;Default;Default;Default;Default;Default;Default;Default;Default;Default;Default;Default;Default;Default;Default;Default;Default;Default;Default;Default;2500;5;Default;3;Default;Default;Default;Default;Throughput;1;2;"Job-MVKMZI(InvocationCount=2500, IterationCount=5, LaunchCount=3, RunStrategy=Throughput, UnrollFactor=1, WarmupCount=2)";;3;Overhead;Actual;8;4600;2500;1.84;2;0;0;1815
ResourceHelper_Benchmark.GetString;Catel.Benchmarks;ResourceHelper_Benchmark;GetString;Default;Default;Default;Default;Default;Default;Default;Default;Default;Default;Default;Default;Default;Default;Default;Default;Default;Default;Default;Default;Default;Default;Default;Default;Default;Default;Default;Default;Default;Default;2500;5;Default;3;Default;Default;Default;Default;Throughput;1;2;"Job-MVKMZI(InvocationCount=2500, IterationCount=5, LaunchCount=3, RunStrategy=Throughput, UnrollFactor=1, WarmupCount=2)";;3;Overhead;Actual;9;8600;2500;3.44;2;0;0;1815
ResourceHelper_Benchmark.GetString;Catel.Benchmarks;ResourceHelper_Benchmark;GetString;Default;Default;Default;Default;Default;Default;Default;Default;Default;Default;Default;Default;Default;Default;Default;Default;Default;Default;Default;Default;Default;Default;Default;Default;Default;Default;Default;Default;Default;Default;2500;5;Default;3;Default;Default;Default;Default;Throughput;1;2;"Job-MVKMZI(InvocationCount=2500, IterationCount=5, LaunchCount=3, RunStrategy=Throughput, UnrollFactor=1, WarmupCount=2)";;3;Overhead;Actual;10;8100;2500;3.24;2;0;0;1815
ResourceHelper_Benchmark.GetString;Catel.Benchmarks;ResourceHelper_Benchmark;GetString;Default;Default;Default;Default;Default;Default;Default;Default;Default;Default;Default;Default;Default;Default;Default;Default;Default;Default;Default;Default;Default;Default;Default;Default;Default;Default;Default;Default;Default;Default;2500;5;Default;3;Default;Default;Default;Default;Throughput;1;2;"Job-MVKMZI(InvocationCount=2500, IterationCount=5, LaunchCount=3, RunStrategy=Throughput, UnrollFactor=1, WarmupCount=2)";;3;Overhead;Actual;11;11800;2500;4.72;2;0;0;1815
ResourceHelper_Benchmark.GetString;Catel.Benchmarks;ResourceHelper_Benchmark;GetString;Default;Default;Default;Default;Default;Default;Default;Default;Default;Default;Default;Default;Default;Default;Default;Default;Default;Default;Default;Default;Default;Default;Default;Default;Default;Default;Default;Default;Default;Default;2500;5;Default;3;Default;Default;Default;Default;Throughput;1;2;"Job-MVKMZI(InvocationCount=2500, IterationCount=5, LaunchCount=3, RunStrategy=Throughput, UnrollFactor=1, WarmupCount=2)";;3;Overhead;Actual;12;4200;2500;1.68;2;0;0;1815
ResourceHelper_Benchmark.GetString;Catel.Benchmarks;ResourceHelper_Benchmark;GetString;Default;Default;Default;Default;Default;Default;Default;Default;Default;Default;Default;Default;Default;Default;Default;Default;Default;Default;Default;Default;Default;Default;Default;Default;Default;Default;Default;Default;Default;Default;2500;5;Default;3;Default;Default;Default;Default;Throughput;1;2;"Job-MVKMZI(InvocationCount=2500, IterationCount=5, LaunchCount=3, RunStrategy=Throughput, UnrollFactor=1, WarmupCount=2)";;3;Overhead;Actual;13;4100;2500;1.64;2;0;0;1815
ResourceHelper_Benchmark.GetString;Catel.Benchmarks;ResourceHelper_Benchmark;GetString;Default;Default;Default;Default;Default;Default;Default;Default;Default;Default;Default;Default;Default;Default;Default;Default;Default;Default;Default;Default;Default;Default;Default;Default;Default;Default;Default;Default;Default;Default;2500;5;Default;3;Default;Default;Default;Default;Throughput;1;2;"Job-MVKMZI(InvocationCount=2500, IterationCount=5, LaunchCount=3, RunStrategy=Throughput, UnrollFactor=1, WarmupCount=2)";;3;Overhead;Actual;14;4300;2500;1.72;2;0;0;1815
ResourceHelper_Benchmark.GetString;Catel.Benchmarks;ResourceHelper_Benchmark;GetString;Default;Default;Default;Default;Default;Default;Default;Default;Default;Default;Default;Default;Default;Default;Default;Default;Default;Default;Default;Default;Default;Default;Default;Default;Default;Default;Default;Default;Default;Default;2500;5;Default;3;Default;Default;Default;Default;Throughput;1;2;"Job-MVKMZI(InvocationCount=2500, IterationCount=5, LaunchCount=3, RunStrategy=Throughput, UnrollFactor=1, WarmupCount=2)";;3;Overhead;Actual;15;4100;2500;1.64;2;0;0;1815
ResourceHelper_Benchmark.GetString;Catel.Benchmarks;ResourceHelper_Benchmark;GetString;Default;Default;Default;Default;Default;Default;Default;Default;Default;Default;Default;Default;Default;Default;Default;Default;Default;Default;Default;Default;Default;Default;Default;Default;Default;Default;Default;Default;Default;Default;2500;5;Default;3;Default;Default;Default;Default;Throughput;1;2;"Job-MVKMZI(InvocationCount=2500, IterationCount=5, LaunchCount=3, RunStrategy=Throughput, UnrollFactor=1, WarmupCount=2)";;3;Overhead;Actual;16;4200;2500;1.68;2;0;0;1815
ResourceHelper_Benchmark.GetString;Catel.Benchmarks;ResourceHelper_Benchmark;GetString;Default;Default;Default;Default;Default;Default;Default;Default;Default;Default;Default;Default;Default;Default;Default;Default;Default;Default;Default;Default;Default;Default;Default;Default;Default;Default;Default;Default;Default;Default;2500;5;Default;3;Default;Default;Default;Default;Throughput;1;2;"Job-MVKMZI(InvocationCount=2500, IterationCount=5, LaunchCount=3, RunStrategy=Throughput, UnrollFactor=1, WarmupCount=2)";;3;Workload;Warmup;1;6705900;2500;2682.36;2;0;0;1815
ResourceHelper_Benchmark.GetString;Catel.Benchmarks;ResourceHelper_Benchmark;GetString;Default;Default;Default;Default;Default;Default;Default;Default;Default;Default;Default;Default;Default;Default;Default;Default;Default;Default;Default;Default;Default;Default;Default;Default;Default;Default;Default;Default;Default;Default;2500;5;Default;3;Default;Default;Default;Default;Throughput;1;2;"Job-MVKMZI(InvocationCount=2500, IterationCount=5, LaunchCount=3, RunStrategy=Throughput, UnrollFactor=1, WarmupCount=2)";;3;Workload;Warmup;2;6360200;2500;2544.08;2;0;0;1815
ResourceHelper_Benchmark.GetString;Catel.Benchmarks;ResourceHelper_Benchmark;GetString;Default;Default;Default;Default;Default;Default;Default;Default;Default;Default;Default;Default;Default;Default;Default;Default;Default;Default;Default;Default;Default;Default;Default;Default;Default;Default;Default;Default;Default;Default;2500;5;Default;3;Default;Default;Default;Default;Throughput;1;2;"Job-MVKMZI(InvocationCount=2500, IterationCount=5, LaunchCount=3, RunStrategy=Throughput, UnrollFactor=1, WarmupCount=2)";;3;Workload;Actual;1;5982500;2500;2393;2;0;0;1815
ResourceHelper_Benchmark.GetString;Catel.Benchmarks;ResourceHelper_Benchmark;GetString;Default;Default;Default;Default;Default;Default;Default;Default;Default;Default;Default;Default;Default;Default;Default;Default;Default;Default;Default;Default;Default;Default;Default;Default;Default;Default;Default;Default;Default;Default;2500;5;Default;3;Default;Default;Default;Default;Throughput;1;2;"Job-MVKMZI(InvocationCount=2500, IterationCount=5, LaunchCount=3, RunStrategy=Throughput, UnrollFactor=1, WarmupCount=2)";;3;Workload;Actual;2;6706800;2500;2682.72;2;0;0;1815
ResourceHelper_Benchmark.GetString;Catel.Benchmarks;ResourceHelper_Benchmark;GetString;Default;Default;Default;Default;Default;Default;Default;Default;Default;Default;Default;Default;Default;Default;Default;Default;Default;Default;Default;Default;Default;Default;Default;Default;Default;Default;Default;Default;Default;Default;2500;5;Default;3;Default;Default;Default;Default;Throughput;1;2;"Job-MVKMZI(InvocationCount=2500, IterationCount=5, LaunchCount=3, RunStrategy=Throughput, UnrollFactor=1, WarmupCount=2)";;3;Workload;Actual;3;5968600;2500;2387.44;2;0;0;1815
ResourceHelper_Benchmark.GetString;Catel.Benchmarks;ResourceHelper_Benchmark;GetString;Default;Default;Default;Default;Default;Default;Default;Default;Default;Default;Default;Default;Default;Default;Default;Default;Default;Default;Default;Default;Default;Default;Default;Default;Default;Default;Default;Default;Default;Default;2500;5;Default;3;Default;Default;Default;Default;Throughput;1;2;"Job-MVKMZI(InvocationCount=2500, IterationCount=5, LaunchCount=3, RunStrategy=Throughput, UnrollFactor=1, WarmupCount=2)";;3;Workload;Actual;4;7092700;2500;2837.08;2;0;0;1815
ResourceHelper_Benchmark.GetString;Catel.Benchmarks;ResourceHelper_Benchmark;GetString;Default;Default;Default;Default;Default;Default;Default;Default;Default;Default;Default;Default;Default;Default;Default;Default;Default;Default;Default;Default;Default;Default;Default;Default;Default;Default;Default;Default;Default;Default;2500;5;Default;3;Default;Default;Default;Default;Throughput;1;2;"Job-MVKMZI(InvocationCount=2500, IterationCount=5, LaunchCount=3, RunStrategy=Throughput, UnrollFactor=1, WarmupCount=2)";;3;Workload;Actual;5;5803400;2500;2321.36;2;0;0;1815
ResourceHelper_Benchmark.GetString;Catel.Benchmarks;ResourceHelper_Benchmark;GetString;Default;Default;Default;Default;Default;Default;Default;Default;Default;Default;Default;Default;Default;Default;Default;Default;Default;Default;Default;Default;Default;Default;Default;Default;Default;Default;Default;Default;Default;Default;2500;5;Default;3;Default;Default;Default;Default;Throughput;1;2;"Job-MVKMZI(InvocationCount=2500, IterationCount=5, LaunchCount=3, RunStrategy=Throughput, UnrollFactor=1, WarmupCount=2)";;3;Workload;Result;1;5978200;2500;2391.28;2;0;0;1815
ResourceHelper_Benchmark.GetString;Catel.Benchmarks;ResourceHelper_Benchmark;GetString;Default;Default;Default;Default;Default;Default;Default;Default;Default;Default;Default;Default;Default;Default;Default;Default;Default;Default;Default;Default;Default;Default;Default;Default;Default;Default;Default;Default;Default;Default;2500;5;Default;3;Default;Default;Default;Default;Throughput;1;2;"Job-MVKMZI(InvocationCount=2500, IterationCount=5, LaunchCount=3, RunStrategy=Throughput, UnrollFactor=1, WarmupCount=2)";;3;Workload;Result;2;6702500;2500;2681;2;0;0;1815
ResourceHelper_Benchmark.GetString;Catel.Benchmarks;ResourceHelper_Benchmark;GetString;Default;Default;Default;Default;Default;Default;Default;Default;Default;Default;Default;Default;Default;Default;Default;Default;Default;Default;Default;Default;Default;Default;Default;Default;Default;Default;Default;Default;Default;Default;2500;5;Default;3;Default;Default;Default;Default;Throughput;1;2;"Job-MVKMZI(InvocationCount=2500, IterationCount=5, LaunchCount=3, RunStrategy=Throughput, UnrollFactor=1, WarmupCount=2)";;3;Workload;Result;3;5964300;2500;2385.72;2;0;0;1815
ResourceHelper_Benchmark.GetString;Catel.Benchmarks;ResourceHelper_Benchmark;GetString;Default;Default;Default;Default;Default;Default;Default;Default;Default;Default;Default;Default;Default;Default;Default;Default;Default;Default;Default;Default;Default;Default;Default;Default;Default;Default;Default;Default;Default;Default;2500;5;Default;3;Default;Default;Default;Default;Throughput;1;2;"Job-MVKMZI(InvocationCount=2500, IterationCount=5, LaunchCount=3, RunStrategy=Throughput, UnrollFactor=1, WarmupCount=2)";;3;Workload;Result;4;7088400;2500;2835.36;2;0;0;1815
ResourceHelper_Benchmark.GetString;Catel.Benchmarks;ResourceHelper_Benchmark;GetString;Default;Default;Default;Default;Default;Default;Default;Default;Default;Default;Default;Default;Default;Default;Default;Default;Default;Default;Default;Default;Default;Default;Default;Default;Default;Default;Default;Default;Default;Default;2500;5;Default;3;Default;Default;Default;Default;Throughput;1;2;"Job-MVKMZI(InvocationCount=2500, IterationCount=5, LaunchCount=3, RunStrategy=Throughput, UnrollFactor=1, WarmupCount=2)";;3;Workload;Result;5;5799100;2500;2319.64;2;0;0;1815
