Target;Target_Namespace;Target_Type;Target_Method;Job_Id;Job_AnalyzeLaunchVariance;Job_EvaluateOverhead;Job_MaxStdErrRelative;Job_MinInvokeCount;Job_MinIterationTime;Job_RemoveOutliers;Job_Affinity;Job_Jit;Job_Platform;Job_Runtime;Job_AllowVeryLargeObjects;Job_Concurrent;Job_CpuGroups;Job_Force;Job_Server;Job_Clock;Job_EngineFactory;Job_Toolchain;Job_InvocationCount;Job_IterationTime;Job_LaunchCount;Job_RunStrategy;Job_TargetCount;Job_UnrollFactor;Job_WarmupCount;Job_Display;Params;Measurement_LaunchIndex;Measurement_IterationMode;Measurement_IterationIndex;Measurement_Nanoseconds;Measurement_Operations;Measurement_Value;Gen_0;Gen_1;Gen_2;Allocated_Bytes
Log_Enabled_Benchmark.Log_Info;Catel.Benchmarks.Logging;Log_Enabled_Benchmark;Log_Info;Default;Default;Default;Default;Default;Default;Default;Default;Default;Default;Default;Default;Default;Default;Default;Default;Default;Default;Default;Default;Default;Default;Default;Default;Default;Default;DefaultJob;;1;Pilot;1;282384.45;16;17649.03;70;0;0;224
Log_Enabled_Benchmark.Log_Info;Catel.Benchmarks.Logging;Log_Enabled_Benchmark;Log_Info;Default;Default;Default;Default;Default;Default;Default;Default;Default;Default;Default;Default;Default;Default;Default;Default;Default;Default;Default;Default;Default;Default;Default;Default;Default;Default;DefaultJob;;1;Pilot;2;40030.32;32;1250.95;70;0;0;224
Log_Enabled_Benchmark.Log_Info;Catel.Benchmarks.Logging;Log_Enabled_Benchmark;Log_Info;Default;Default;Default;Default;Default;Default;Default;Default;Default;Default;Default;Default;Default;Default;Default;Default;Default;Default;Default;Default;Default;Default;Default;Default;Default;Default;DefaultJob;;1;Pilot;3;55545.95;64;867.91;70;0;0;224
Log_Enabled_Benchmark.Log_Info;Catel.Benchmarks.Logging;Log_Enabled_Benchmark;Log_Info;Default;Default;Default;Default;Default;Default;Default;Default;Default;Default;Default;Default;Default;Default;Default;Default;Default;Default;Default;Default;Default;Default;Default;Default;Default;Default;DefaultJob;;1;Pilot;4;94645.34;128;739.42;70;0;0;224
Log_Enabled_Benchmark.Log_Info;Catel.Benchmarks.Logging;Log_Enabled_Benchmark;Log_Info;Default;Default;Default;Default;Default;Default;Default;Default;Default;Default;Default;Default;Default;Default;Default;Default;Default;Default;Default;Default;Default;Default;Default;Default;Default;Default;DefaultJob;;1;Pilot;5;163845.05;256;640.02;70;0;0;224
Log_Enabled_Benchmark.Log_Info;Catel.Benchmarks.Logging;Log_Enabled_Benchmark;Log_Info;Default;Default;Default;Default;Default;Default;Default;Default;Default;Default;Default;Default;Default;Default;Default;Default;Default;Default;Default;Default;Default;Default;Default;Default;Default;Default;DefaultJob;;1;Pilot;6;314036.34;512;613.35;70;0;0;224
Log_Enabled_Benchmark.Log_Info;Catel.Benchmarks.Logging;Log_Enabled_Benchmark;Log_Info;Default;Default;Default;Default;Default;Default;Default;Default;Default;Default;Default;Default;Default;Default;Default;Default;Default;Default;Default;Default;Default;Default;Default;Default;Default;Default;DefaultJob;;1;Pilot;7;618142.67;1024;603.65;70;0;0;224
Log_Enabled_Benchmark.Log_Info;Catel.Benchmarks.Logging;Log_Enabled_Benchmark;Log_Info;Default;Default;Default;Default;Default;Default;Default;Default;Default;Default;Default;Default;Default;Default;Default;Default;Default;Default;Default;Default;Default;Default;Default;Default;Default;Default;DefaultJob;;1;Pilot;8;1206185.03;2048;588.96;70;0;0;224
Log_Enabled_Benchmark.Log_Info;Catel.Benchmarks.Logging;Log_Enabled_Benchmark;Log_Info;Default;Default;Default;Default;Default;Default;Default;Default;Default;Default;Default;Default;Default;Default;Default;Default;Default;Default;Default;Default;Default;Default;Default;Default;Default;Default;DefaultJob;;1;Pilot;9;2385372.86;4096;582.37;70;0;0;224
Log_Enabled_Benchmark.Log_Info;Catel.Benchmarks.Logging;Log_Enabled_Benchmark;Log_Info;Default;Default;Default;Default;Default;Default;Default;Default;Default;Default;Default;Default;Default;Default;Default;Default;Default;Default;Default;Default;Default;Default;Default;Default;Default;Default;DefaultJob;;1;Pilot;10;4853288.86;8192;592.44;70;0;0;224
Log_Enabled_Benchmark.Log_Info;Catel.Benchmarks.Logging;Log_Enabled_Benchmark;Log_Info;Default;Default;Default;Default;Default;Default;Default;Default;Default;Default;Default;Default;Default;Default;Default;Default;Default;Default;Default;Default;Default;Default;Default;Default;Default;Default;DefaultJob;;1;Pilot;11;9750642.11;16384;595.13;70;0;0;224
Log_Enabled_Benchmark.Log_Info;Catel.Benchmarks.Logging;Log_Enabled_Benchmark;Log_Info;Default;Default;Default;Default;Default;Default;Default;Default;Default;Default;Default;Default;Default;Default;Default;Default;Default;Default;Default;Default;Default;Default;Default;Default;Default;Default;DefaultJob;;1;Pilot;12;19683127.4;32768;600.68;70;0;0;224
Log_Enabled_Benchmark.Log_Info;Catel.Benchmarks.Logging;Log_Enabled_Benchmark;Log_Info;Default;Default;Default;Default;Default;Default;Default;Default;Default;Default;Default;Default;Default;Default;Default;Default;Default;Default;Default;Default;Default;Default;Default;Default;Default;Default;DefaultJob;;1;Pilot;13;39722493.66;65536;606.12;70;0;0;224
Log_Enabled_Benchmark.Log_Info;Catel.Benchmarks.Logging;Log_Enabled_Benchmark;Log_Info;Default;Default;Default;Default;Default;Default;Default;Default;Default;Default;Default;Default;Default;Default;Default;Default;Default;Default;Default;Default;Default;Default;Default;Default;Default;Default;DefaultJob;;1;Pilot;14;81135570.29;131072;619.02;70;0;0;224
Log_Enabled_Benchmark.Log_Info;Catel.Benchmarks.Logging;Log_Enabled_Benchmark;Log_Info;Default;Default;Default;Default;Default;Default;Default;Default;Default;Default;Default;Default;Default;Default;Default;Default;Default;Default;Default;Default;Default;Default;Default;Default;Default;Default;DefaultJob;;1;Pilot;15;181795387.95;262144;693.49;70;0;0;224
Log_Enabled_Benchmark.Log_Info;Catel.Benchmarks.Logging;Log_Enabled_Benchmark;Log_Info;Default;Default;Default;Default;Default;Default;Default;Default;Default;Default;Default;Default;Default;Default;Default;Default;Default;Default;Default;Default;Default;Default;Default;Default;Default;Default;DefaultJob;;1;Pilot;16;296031070.98;524288;564.63;70;0;0;224
Log_Enabled_Benchmark.Log_Info;Catel.Benchmarks.Logging;Log_Enabled_Benchmark;Log_Info;Default;Default;Default;Default;Default;Default;Default;Default;Default;Default;Default;Default;Default;Default;Default;Default;Default;Default;Default;Default;Default;Default;Default;Default;Default;Default;DefaultJob;;1;IdleWarmup;1;1056924.67;524288;2.02;70;0;0;224
Log_Enabled_Benchmark.Log_Info;Catel.Benchmarks.Logging;Log_Enabled_Benchmark;Log_Info;Default;Default;Default;Default;Default;Default;Default;Default;Default;Default;Default;Default;Default;Default;Default;Default;Default;Default;Default;Default;Default;Default;Default;Default;Default;Default;DefaultJob;;1;IdleWarmup;2;1051339.05;524288;2.01;70;0;0;224
Log_Enabled_Benchmark.Log_Info;Catel.Benchmarks.Logging;Log_Enabled_Benchmark;Log_Info;Default;Default;Default;Default;Default;Default;Default;Default;Default;Default;Default;Default;Default;Default;Default;Default;Default;Default;Default;Default;Default;Default;Default;Default;Default;Default;DefaultJob;;1;IdleWarmup;3;1048235.92;524288;2;70;0;0;224
Log_Enabled_Benchmark.Log_Info;Catel.Benchmarks.Logging;Log_Enabled_Benchmark;Log_Info;Default;Default;Default;Default;Default;Default;Default;Default;Default;Default;Default;Default;Default;Default;Default;Default;Default;Default;Default;Default;Default;Default;Default;Default;Default;Default;DefaultJob;;1;IdleWarmup;4;1041719.36;524288;1.99;70;0;0;224
Log_Enabled_Benchmark.Log_Info;Catel.Benchmarks.Logging;Log_Enabled_Benchmark;Log_Info;Default;Default;Default;Default;Default;Default;Default;Default;Default;Default;Default;Default;Default;Default;Default;Default;Default;Default;Default;Default;Default;Default;Default;Default;Default;Default;DefaultJob;;1;IdleWarmup;5;1041719.36;524288;1.99;70;0;0;224
Log_Enabled_Benchmark.Log_Info;Catel.Benchmarks.Logging;Log_Enabled_Benchmark;Log_Info;Default;Default;Default;Default;Default;Default;Default;Default;Default;Default;Default;Default;Default;Default;Default;Default;Default;Default;Default;Default;Default;Default;Default;Default;Default;Default;DefaultJob;;1;IdleWarmup;6;1038305.92;524288;1.98;70;0;0;224
Log_Enabled_Benchmark.Log_Info;Catel.Benchmarks.Logging;Log_Enabled_Benchmark;Log_Info;Default;Default;Default;Default;Default;Default;Default;Default;Default;Default;Default;Default;Default;Default;Default;Default;Default;Default;Default;Default;Default;Default;Default;Default;Default;Default;DefaultJob;;1;IdleWarmup;7;1046994.67;524288;2;70;0;0;224
Log_Enabled_Benchmark.Log_Info;Catel.Benchmarks.Logging;Log_Enabled_Benchmark;Log_Info;Default;Default;Default;Default;Default;Default;Default;Default;Default;Default;Default;Default;Default;Default;Default;Default;Default;Default;Default;Default;Default;Default;Default;Default;Default;Default;DefaultJob;;1;IdleWarmup;8;1043891.54;524288;1.99;70;0;0;224
Log_Enabled_Benchmark.Log_Info;Catel.Benchmarks.Logging;Log_Enabled_Benchmark;Log_Info;Default;Default;Default;Default;Default;Default;Default;Default;Default;Default;Default;Default;Default;Default;Default;Default;Default;Default;Default;Default;Default;Default;Default;Default;Default;Default;DefaultJob;;1;IdleTarget;1;1043581.23;524288;1.99;70;0;0;224
Log_Enabled_Benchmark.Log_Info;Catel.Benchmarks.Logging;Log_Enabled_Benchmark;Log_Info;Default;Default;Default;Default;Default;Default;Default;Default;Default;Default;Default;Default;Default;Default;Default;Default;Default;Default;Default;Default;Default;Default;Default;Default;Default;Default;DefaultJob;;1;IdleTarget;2;1064682.49;524288;2.03;70;0;0;224
Log_Enabled_Benchmark.Log_Info;Catel.Benchmarks.Logging;Log_Enabled_Benchmark;Log_Info;Default;Default;Default;Default;Default;Default;Default;Default;Default;Default;Default;Default;Default;Default;Default;Default;Default;Default;Default;Default;Default;Default;Default;Default;Default;Default;DefaultJob;;1;IdleTarget;3;1042960.61;524288;1.99;70;0;0;224
Log_Enabled_Benchmark.Log_Info;Catel.Benchmarks.Logging;Log_Enabled_Benchmark;Log_Info;Default;Default;Default;Default;Default;Default;Default;Default;Default;Default;Default;Default;Default;Default;Default;Default;Default;Default;Default;Default;Default;Default;Default;Default;Default;Default;DefaultJob;;1;IdleTarget;4;1056304.05;524288;2.01;70;0;0;224
Log_Enabled_Benchmark.Log_Info;Catel.Benchmarks.Logging;Log_Enabled_Benchmark;Log_Info;Default;Default;Default;Default;Default;Default;Default;Default;Default;Default;Default;Default;Default;Default;Default;Default;Default;Default;Default;Default;Default;Default;Default;Default;Default;Default;DefaultJob;;1;IdleTarget;5;1050097.8;524288;2;70;0;0;224
Log_Enabled_Benchmark.Log_Info;Catel.Benchmarks.Logging;Log_Enabled_Benchmark;Log_Info;Default;Default;Default;Default;Default;Default;Default;Default;Default;Default;Default;Default;Default;Default;Default;Default;Default;Default;Default;Default;Default;Default;Default;Default;Default;Default;DefaultJob;;1;IdleTarget;6;1414094.46;524288;2.7;70;0;0;224
Log_Enabled_Benchmark.Log_Info;Catel.Benchmarks.Logging;Log_Enabled_Benchmark;Log_Info;Default;Default;Default;Default;Default;Default;Default;Default;Default;Default;Default;Default;Default;Default;Default;Default;Default;Default;Default;Default;Default;Default;Default;Default;Default;Default;DefaultJob;;1;IdleTarget;7;1051649.36;524288;2.01;70;0;0;224
Log_Enabled_Benchmark.Log_Info;Catel.Benchmarks.Logging;Log_Enabled_Benchmark;Log_Info;Default;Default;Default;Default;Default;Default;Default;Default;Default;Default;Default;Default;Default;Default;Default;Default;Default;Default;Default;Default;Default;Default;Default;Default;Default;Default;DefaultJob;;1;IdleTarget;8;1100368.43;524288;2.1;70;0;0;224
Log_Enabled_Benchmark.Log_Info;Catel.Benchmarks.Logging;Log_Enabled_Benchmark;Log_Info;Default;Default;Default;Default;Default;Default;Default;Default;Default;Default;Default;Default;Default;Default;Default;Default;Default;Default;Default;Default;Default;Default;Default;Default;Default;Default;DefaultJob;;1;IdleTarget;9;1055062.8;524288;2.01;70;0;0;224
Log_Enabled_Benchmark.Log_Info;Catel.Benchmarks.Logging;Log_Enabled_Benchmark;Log_Info;Default;Default;Default;Default;Default;Default;Default;Default;Default;Default;Default;Default;Default;Default;Default;Default;Default;Default;Default;Default;Default;Default;Default;Default;Default;Default;DefaultJob;;1;IdleTarget;10;1050408.11;524288;2;70;0;0;224
Log_Enabled_Benchmark.Log_Info;Catel.Benchmarks.Logging;Log_Enabled_Benchmark;Log_Info;Default;Default;Default;Default;Default;Default;Default;Default;Default;Default;Default;Default;Default;Default;Default;Default;Default;Default;Default;Default;Default;Default;Default;Default;Default;Default;DefaultJob;;1;IdleTarget;11;1049787.48;524288;2;70;0;0;224
Log_Enabled_Benchmark.Log_Info;Catel.Benchmarks.Logging;Log_Enabled_Benchmark;Log_Info;Default;Default;Default;Default;Default;Default;Default;Default;Default;Default;Default;Default;Default;Default;Default;Default;Default;Default;Default;Default;Default;Default;Default;Default;Default;Default;DefaultJob;;1;IdleTarget;12;1132951.26;524288;2.16;70;0;0;224
Log_Enabled_Benchmark.Log_Info;Catel.Benchmarks.Logging;Log_Enabled_Benchmark;Log_Info;Default;Default;Default;Default;Default;Default;Default;Default;Default;Default;Default;Default;Default;Default;Default;Default;Default;Default;Default;Default;Default;Default;Default;Default;Default;Default;DefaultJob;;1;IdleTarget;13;1054131.86;524288;2.01;70;0;0;224
Log_Enabled_Benchmark.Log_Info;Catel.Benchmarks.Logging;Log_Enabled_Benchmark;Log_Info;Default;Default;Default;Default;Default;Default;Default;Default;Default;Default;Default;Default;Default;Default;Default;Default;Default;Default;Default;Default;Default;Default;Default;Default;Default;Default;DefaultJob;;1;IdleTarget;14;1048856.54;524288;2;70;0;0;224
Log_Enabled_Benchmark.Log_Info;Catel.Benchmarks.Logging;Log_Enabled_Benchmark;Log_Info;Default;Default;Default;Default;Default;Default;Default;Default;Default;Default;Default;Default;Default;Default;Default;Default;Default;Default;Default;Default;Default;Default;Default;Default;Default;Default;DefaultJob;;1;IdleTarget;15;1055683.42;524288;2.01;70;0;0;224
Log_Enabled_Benchmark.Log_Info;Catel.Benchmarks.Logging;Log_Enabled_Benchmark;Log_Info;Default;Default;Default;Default;Default;Default;Default;Default;Default;Default;Default;Default;Default;Default;Default;Default;Default;Default;Default;Default;Default;Default;Default;Default;Default;Default;DefaultJob;;1;MainWarmup;1;291891811.38;524288;556.74;70;0;0;224
Log_Enabled_Benchmark.Log_Info;Catel.Benchmarks.Logging;Log_Enabled_Benchmark;Log_Info;Default;Default;Default;Default;Default;Default;Default;Default;Default;Default;Default;Default;Default;Default;Default;Default;Default;Default;Default;Default;Default;Default;Default;Default;Default;Default;DefaultJob;;1;MainWarmup;2;294907739.41;524288;562.49;70;0;0;224
Log_Enabled_Benchmark.Log_Info;Catel.Benchmarks.Logging;Log_Enabled_Benchmark;Log_Info;Default;Default;Default;Default;Default;Default;Default;Default;Default;Default;Default;Default;Default;Default;Default;Default;Default;Default;Default;Default;Default;Default;Default;Default;Default;Default;DefaultJob;;1;MainWarmup;3;288095757.5;524288;549.5;70;0;0;224
Log_Enabled_Benchmark.Log_Info;Catel.Benchmarks.Logging;Log_Enabled_Benchmark;Log_Info;Default;Default;Default;Default;Default;Default;Default;Default;Default;Default;Default;Default;Default;Default;Default;Default;Default;Default;Default;Default;Default;Default;Default;Default;Default;Default;DefaultJob;;1;MainWarmup;4;287950220.9;524288;549.22;70;0;0;224
Log_Enabled_Benchmark.Log_Info;Catel.Benchmarks.Logging;Log_Enabled_Benchmark;Log_Info;Default;Default;Default;Default;Default;Default;Default;Default;Default;Default;Default;Default;Default;Default;Default;Default;Default;Default;Default;Default;Default;Default;Default;Default;Default;Default;DefaultJob;;1;MainWarmup;5;297391481.36;524288;567.23;70;0;0;224
Log_Enabled_Benchmark.Log_Info;Catel.Benchmarks.Logging;Log_Enabled_Benchmark;Log_Info;Default;Default;Default;Default;Default;Default;Default;Default;Default;Default;Default;Default;Default;Default;Default;Default;Default;Default;Default;Default;Default;Default;Default;Default;Default;Default;DefaultJob;;1;MainWarmup;6;288619254.83;524288;550.5;70;0;0;224
Log_Enabled_Benchmark.Log_Info;Catel.Benchmarks.Logging;Log_Enabled_Benchmark;Log_Info;Default;Default;Default;Default;Default;Default;Default;Default;Default;Default;Default;Default;Default;Default;Default;Default;Default;Default;Default;Default;Default;Default;Default;Default;Default;Default;DefaultJob;;1;MainTarget;1;289783857.97;524288;552.72;70;0;0;224
Log_Enabled_Benchmark.Log_Info;Catel.Benchmarks.Logging;Log_Enabled_Benchmark;Log_Info;Default;Default;Default;Default;Default;Default;Default;Default;Default;Default;Default;Default;Default;Default;Default;Default;Default;Default;Default;Default;Default;Default;Default;Default;Default;Default;DefaultJob;;1;MainTarget;2;288711107.36;524288;550.67;70;0;0;224
Log_Enabled_Benchmark.Log_Info;Catel.Benchmarks.Logging;Log_Enabled_Benchmark;Log_Info;Default;Default;Default;Default;Default;Default;Default;Default;Default;Default;Default;Default;Default;Default;Default;Default;Default;Default;Default;Default;Default;Default;Default;Default;Default;Default;DefaultJob;;1;MainTarget;3;293936771.33;524288;560.64;70;0;0;224
Log_Enabled_Benchmark.Log_Info;Catel.Benchmarks.Logging;Log_Enabled_Benchmark;Log_Info;Default;Default;Default;Default;Default;Default;Default;Default;Default;Default;Default;Default;Default;Default;Default;Default;Default;Default;Default;Default;Default;Default;Default;Default;Default;Default;DefaultJob;;1;MainTarget;4;288788685.51;524288;550.82;70;0;0;224
Log_Enabled_Benchmark.Log_Info;Catel.Benchmarks.Logging;Log_Enabled_Benchmark;Log_Info;Default;Default;Default;Default;Default;Default;Default;Default;Default;Default;Default;Default;Default;Default;Default;Default;Default;Default;Default;Default;Default;Default;Default;Default;Default;Default;DefaultJob;;1;MainTarget;5;326887934.02;524288;623.49;70;0;0;224
Log_Enabled_Benchmark.Log_Info;Catel.Benchmarks.Logging;Log_Enabled_Benchmark;Log_Info;Default;Default;Default;Default;Default;Default;Default;Default;Default;Default;Default;Default;Default;Default;Default;Default;Default;Default;Default;Default;Default;Default;Default;Default;Default;Default;DefaultJob;;1;MainTarget;6;295733791.52;524288;564.07;70;0;0;224
Log_Enabled_Benchmark.Log_Info;Catel.Benchmarks.Logging;Log_Enabled_Benchmark;Log_Info;Default;Default;Default;Default;Default;Default;Default;Default;Default;Default;Default;Default;Default;Default;Default;Default;Default;Default;Default;Default;Default;Default;Default;Default;Default;Default;DefaultJob;;1;MainTarget;7;293744998.15;524288;560.27;70;0;0;224
Log_Enabled_Benchmark.Log_Info;Catel.Benchmarks.Logging;Log_Enabled_Benchmark;Log_Info;Default;Default;Default;Default;Default;Default;Default;Default;Default;Default;Default;Default;Default;Default;Default;Default;Default;Default;Default;Default;Default;Default;Default;Default;Default;Default;DefaultJob;;1;MainTarget;8;308939143.67;524288;589.25;70;0;0;224
Log_Enabled_Benchmark.Log_Info;Catel.Benchmarks.Logging;Log_Enabled_Benchmark;Log_Info;Default;Default;Default;Default;Default;Default;Default;Default;Default;Default;Default;Default;Default;Default;Default;Default;Default;Default;Default;Default;Default;Default;Default;Default;Default;Default;DefaultJob;;1;MainTarget;9;288919016.79;524288;551.07;70;0;0;224
Log_Enabled_Benchmark.Log_Info;Catel.Benchmarks.Logging;Log_Enabled_Benchmark;Log_Info;Default;Default;Default;Default;Default;Default;Default;Default;Default;Default;Default;Default;Default;Default;Default;Default;Default;Default;Default;Default;Default;Default;Default;Default;Default;Default;DefaultJob;;1;MainTarget;10;319293343.76;524288;609;70;0;0;224
Log_Enabled_Benchmark.Log_Info;Catel.Benchmarks.Logging;Log_Enabled_Benchmark;Log_Info;Default;Default;Default;Default;Default;Default;Default;Default;Default;Default;Default;Default;Default;Default;Default;Default;Default;Default;Default;Default;Default;Default;Default;Default;Default;Default;DefaultJob;;1;MainTarget;11;296257288.85;524288;565.07;70;0;0;224
Log_Enabled_Benchmark.Log_Info;Catel.Benchmarks.Logging;Log_Enabled_Benchmark;Log_Info;Default;Default;Default;Default;Default;Default;Default;Default;Default;Default;Default;Default;Default;Default;Default;Default;Default;Default;Default;Default;Default;Default;Default;Default;Default;Default;DefaultJob;;1;MainTarget;12;287710038.95;524288;548.76;70;0;0;224
Log_Enabled_Benchmark.Log_Info;Catel.Benchmarks.Logging;Log_Enabled_Benchmark;Log_Info;Default;Default;Default;Default;Default;Default;Default;Default;Default;Default;Default;Default;Default;Default;Default;Default;Default;Default;Default;Default;Default;Default;Default;Default;Default;Default;DefaultJob;;1;MainTarget;13;310331516.25;524288;591.91;70;0;0;224
Log_Enabled_Benchmark.Log_Info;Catel.Benchmarks.Logging;Log_Enabled_Benchmark;Log_Info;Default;Default;Default;Default;Default;Default;Default;Default;Default;Default;Default;Default;Default;Default;Default;Default;Default;Default;Default;Default;Default;Default;Default;Default;Default;Default;DefaultJob;;1;MainTarget;14;303778645.34;524288;579.41;70;0;0;224
Log_Enabled_Benchmark.Log_Info;Catel.Benchmarks.Logging;Log_Enabled_Benchmark;Log_Info;Default;Default;Default;Default;Default;Default;Default;Default;Default;Default;Default;Default;Default;Default;Default;Default;Default;Default;Default;Default;Default;Default;Default;Default;Default;Default;DefaultJob;;1;MainTarget;15;287936256.83;524288;549.19;70;0;0;224
Log_Enabled_Benchmark.Log_Info;Catel.Benchmarks.Logging;Log_Enabled_Benchmark;Log_Info;Default;Default;Default;Default;Default;Default;Default;Default;Default;Default;Default;Default;Default;Default;Default;Default;Default;Default;Default;Default;Default;Default;Default;Default;Default;Default;DefaultJob;;1;MainTarget;16;293238878.32;524288;559.31;70;0;0;224
Log_Enabled_Benchmark.Log_Info;Catel.Benchmarks.Logging;Log_Enabled_Benchmark;Log_Info;Default;Default;Default;Default;Default;Default;Default;Default;Default;Default;Default;Default;Default;Default;Default;Default;Default;Default;Default;Default;Default;Default;Default;Default;Default;Default;DefaultJob;;1;MainTarget;17;289274635.02;524288;551.75;70;0;0;224
Log_Enabled_Benchmark.Log_Info;Catel.Benchmarks.Logging;Log_Enabled_Benchmark;Log_Info;Default;Default;Default;Default;Default;Default;Default;Default;Default;Default;Default;Default;Default;Default;Default;Default;Default;Default;Default;Default;Default;Default;Default;Default;Default;Default;DefaultJob;;1;Result;1;288699149.98;524288;550.65;70;0;0;224
Log_Enabled_Benchmark.Log_Info;Catel.Benchmarks.Logging;Log_Enabled_Benchmark;Log_Info;Default;Default;Default;Default;Default;Default;Default;Default;Default;Default;Default;Default;Default;Default;Default;Default;Default;Default;Default;Default;Default;Default;Default;Default;Default;Default;DefaultJob;;1;Result;2;287626399.37;524288;548.6;70;0;0;224
Log_Enabled_Benchmark.Log_Info;Catel.Benchmarks.Logging;Log_Enabled_Benchmark;Log_Info;Default;Default;Default;Default;Default;Default;Default;Default;Default;Default;Default;Default;Default;Default;Default;Default;Default;Default;Default;Default;Default;Default;Default;Default;Default;Default;DefaultJob;;1;Result;3;292852063.34;524288;558.57;70;0;0;224
Log_Enabled_Benchmark.Log_Info;Catel.Benchmarks.Logging;Log_Enabled_Benchmark;Log_Info;Default;Default;Default;Default;Default;Default;Default;Default;Default;Default;Default;Default;Default;Default;Default;Default;Default;Default;Default;Default;Default;Default;Default;Default;Default;Default;DefaultJob;;1;Result;4;287703977.51;524288;548.75;70;0;0;224
Log_Enabled_Benchmark.Log_Info;Catel.Benchmarks.Logging;Log_Enabled_Benchmark;Log_Info;Default;Default;Default;Default;Default;Default;Default;Default;Default;Default;Default;Default;Default;Default;Default;Default;Default;Default;Default;Default;Default;Default;Default;Default;Default;Default;DefaultJob;;1;Result;5;325803226.03;524288;621.42;70;0;0;224
Log_Enabled_Benchmark.Log_Info;Catel.Benchmarks.Logging;Log_Enabled_Benchmark;Log_Info;Default;Default;Default;Default;Default;Default;Default;Default;Default;Default;Default;Default;Default;Default;Default;Default;Default;Default;Default;Default;Default;Default;Default;Default;Default;Default;DefaultJob;;1;Result;6;294649083.53;524288;562;70;0;0;224
Log_Enabled_Benchmark.Log_Info;Catel.Benchmarks.Logging;Log_Enabled_Benchmark;Log_Info;Default;Default;Default;Default;Default;Default;Default;Default;Default;Default;Default;Default;Default;Default;Default;Default;Default;Default;Default;Default;Default;Default;Default;Default;Default;Default;DefaultJob;;1;Result;7;292660290.16;524288;558.21;70;0;0;224
Log_Enabled_Benchmark.Log_Info;Catel.Benchmarks.Logging;Log_Enabled_Benchmark;Log_Info;Default;Default;Default;Default;Default;Default;Default;Default;Default;Default;Default;Default;Default;Default;Default;Default;Default;Default;Default;Default;Default;Default;Default;Default;Default;Default;DefaultJob;;1;Result;8;307854435.68;524288;587.19;70;0;0;224
Log_Enabled_Benchmark.Log_Info;Catel.Benchmarks.Logging;Log_Enabled_Benchmark;Log_Info;Default;Default;Default;Default;Default;Default;Default;Default;Default;Default;Default;Default;Default;Default;Default;Default;Default;Default;Default;Default;Default;Default;Default;Default;Default;Default;DefaultJob;;1;Result;9;287834308.8;524288;549;70;0;0;224
Log_Enabled_Benchmark.Log_Info;Catel.Benchmarks.Logging;Log_Enabled_Benchmark;Log_Info;Default;Default;Default;Default;Default;Default;Default;Default;Default;Default;Default;Default;Default;Default;Default;Default;Default;Default;Default;Default;Default;Default;Default;Default;Default;Default;DefaultJob;;1;Result;10;318208635.77;524288;606.93;70;0;0;224
Log_Enabled_Benchmark.Log_Info;Catel.Benchmarks.Logging;Log_Enabled_Benchmark;Log_Info;Default;Default;Default;Default;Default;Default;Default;Default;Default;Default;Default;Default;Default;Default;Default;Default;Default;Default;Default;Default;Default;Default;Default;Default;Default;Default;DefaultJob;;1;Result;11;295172580.86;524288;563;70;0;0;224
Log_Enabled_Benchmark.Log_Info;Catel.Benchmarks.Logging;Log_Enabled_Benchmark;Log_Info;Default;Default;Default;Default;Default;Default;Default;Default;Default;Default;Default;Default;Default;Default;Default;Default;Default;Default;Default;Default;Default;Default;Default;Default;Default;Default;DefaultJob;;1;Result;12;286625330.96;524288;546.69;70;0;0;224
Log_Enabled_Benchmark.Log_Info;Catel.Benchmarks.Logging;Log_Enabled_Benchmark;Log_Info;Default;Default;Default;Default;Default;Default;Default;Default;Default;Default;Default;Default;Default;Default;Default;Default;Default;Default;Default;Default;Default;Default;Default;Default;Default;Default;DefaultJob;;1;Result;13;309246808.25;524288;589.84;70;0;0;224
Log_Enabled_Benchmark.Log_Info;Catel.Benchmarks.Logging;Log_Enabled_Benchmark;Log_Info;Default;Default;Default;Default;Default;Default;Default;Default;Default;Default;Default;Default;Default;Default;Default;Default;Default;Default;Default;Default;Default;Default;Default;Default;Default;Default;DefaultJob;;1;Result;14;302693937.35;524288;577.34;70;0;0;224
Log_Enabled_Benchmark.Log_Info;Catel.Benchmarks.Logging;Log_Enabled_Benchmark;Log_Info;Default;Default;Default;Default;Default;Default;Default;Default;Default;Default;Default;Default;Default;Default;Default;Default;Default;Default;Default;Default;Default;Default;Default;Default;Default;Default;DefaultJob;;1;Result;15;286851548.84;524288;547.13;70;0;0;224
Log_Enabled_Benchmark.Log_Info;Catel.Benchmarks.Logging;Log_Enabled_Benchmark;Log_Info;Default;Default;Default;Default;Default;Default;Default;Default;Default;Default;Default;Default;Default;Default;Default;Default;Default;Default;Default;Default;Default;Default;Default;Default;Default;Default;DefaultJob;;1;Result;16;292154170.33;524288;557.24;70;0;0;224
Log_Enabled_Benchmark.Log_Info;Catel.Benchmarks.Logging;Log_Enabled_Benchmark;Log_Info;Default;Default;Default;Default;Default;Default;Default;Default;Default;Default;Default;Default;Default;Default;Default;Default;Default;Default;Default;Default;Default;Default;Default;Default;Default;Default;DefaultJob;;1;Result;17;288189927.03;524288;549.68;70;0;0;224
Log_Enabled_Benchmark.Log_Info_Format_WithoutBoxing;Catel.Benchmarks.Logging;Log_Enabled_Benchmark;Log_Info_Format_WithoutBoxing;Default;Default;Default;Default;Default;Default;Default;Default;Default;Default;Default;Default;Default;Default;Default;Default;Default;Default;Default;Default;Default;Default;Default;Default;Default;Default;DefaultJob;;1;Pilot;1;276798.83;16;17299.93;41;0;0;384
Log_Enabled_Benchmark.Log_Info_Format_WithoutBoxing;Catel.Benchmarks.Logging;Log_Enabled_Benchmark;Log_Info_Format_WithoutBoxing;Default;Default;Default;Default;Default;Default;Default;Default;Default;Default;Default;Default;Default;Default;Default;Default;Default;Default;Default;Default;Default;Default;Default;Default;Default;Default;DefaultJob;;1;Pilot;2;49339.7;32;1541.87;41;0;0;384
Log_Enabled_Benchmark.Log_Info_Format_WithoutBoxing;Catel.Benchmarks.Logging;Log_Enabled_Benchmark;Log_Info_Format_WithoutBoxing;Default;Default;Default;Default;Default;Default;Default;Default;Default;Default;Default;Default;Default;Default;Default;Default;Default;Default;Default;Default;Default;Default;Default;Default;Default;Default;DefaultJob;;1;Pilot;3;72923.46;64;1139.43;41;0;0;384
Log_Enabled_Benchmark.Log_Info_Format_WithoutBoxing;Catel.Benchmarks.Logging;Log_Enabled_Benchmark;Log_Info_Format_WithoutBoxing;Default;Default;Default;Default;Default;Default;Default;Default;Default;Default;Default;Default;Default;Default;Default;Default;Default;Default;Default;Default;Default;Default;Default;Default;Default;Default;DefaultJob;;1;Pilot;4;119160.03;128;930.94;41;0;0;384
Log_Enabled_Benchmark.Log_Info_Format_WithoutBoxing;Catel.Benchmarks.Logging;Log_Enabled_Benchmark;Log_Info_Format_WithoutBoxing;Default;Default;Default;Default;Default;Default;Default;Default;Default;Default;Default;Default;Default;Default;Default;Default;Default;Default;Default;Default;Default;Default;Default;Default;Default;Default;DefaultJob;;1;Pilot;5;227148.81;256;887.3;41;0;0;384
Log_Enabled_Benchmark.Log_Info_Format_WithoutBoxing;Catel.Benchmarks.Logging;Log_Enabled_Benchmark;Log_Info_Format_WithoutBoxing;Default;Default;Default;Default;Default;Default;Default;Default;Default;Default;Default;Default;Default;Default;Default;Default;Default;Default;Default;Default;Default;Default;Default;Default;Default;Default;DefaultJob;;1;Pilot;6;431644.81;512;843.06;41;0;0;384
Log_Enabled_Benchmark.Log_Info_Format_WithoutBoxing;Catel.Benchmarks.Logging;Log_Enabled_Benchmark;Log_Info_Format_WithoutBoxing;Default;Default;Default;Default;Default;Default;Default;Default;Default;Default;Default;Default;Default;Default;Default;Default;Default;Default;Default;Default;Default;Default;Default;Default;Default;Default;DefaultJob;;1;Pilot;7;848704.93;1024;828.81;41;0;0;384
Log_Enabled_Benchmark.Log_Info_Format_WithoutBoxing;Catel.Benchmarks.Logging;Log_Enabled_Benchmark;Log_Info_Format_WithoutBoxing;Default;Default;Default;Default;Default;Default;Default;Default;Default;Default;Default;Default;Default;Default;Default;Default;Default;Default;Default;Default;Default;Default;Default;Default;Default;Default;DefaultJob;;1;Pilot;8;1672584.84;2048;816.69;41;0;0;384
Log_Enabled_Benchmark.Log_Info_Format_WithoutBoxing;Catel.Benchmarks.Logging;Log_Enabled_Benchmark;Log_Info_Format_WithoutBoxing;Default;Default;Default;Default;Default;Default;Default;Default;Default;Default;Default;Default;Default;Default;Default;Default;Default;Default;Default;Default;Default;Default;Default;Default;Default;Default;DefaultJob;;1;Pilot;9;3336791.25;4096;814.65;41;0;0;384
Log_Enabled_Benchmark.Log_Info_Format_WithoutBoxing;Catel.Benchmarks.Logging;Log_Enabled_Benchmark;Log_Info_Format_WithoutBoxing;Default;Default;Default;Default;Default;Default;Default;Default;Default;Default;Default;Default;Default;Default;Default;Default;Default;Default;Default;Default;Default;Default;Default;Default;Default;Default;DefaultJob;;1;Pilot;10;6636344.99;8192;810.1;41;0;0;384
Log_Enabled_Benchmark.Log_Info_Format_WithoutBoxing;Catel.Benchmarks.Logging;Log_Enabled_Benchmark;Log_Info_Format_WithoutBoxing;Default;Default;Default;Default;Default;Default;Default;Default;Default;Default;Default;Default;Default;Default;Default;Default;Default;Default;Default;Default;Default;Default;Default;Default;Default;Default;DefaultJob;;1;Pilot;11;13332270;16384;813.74;41;0;0;384
Log_Enabled_Benchmark.Log_Info_Format_WithoutBoxing;Catel.Benchmarks.Logging;Log_Enabled_Benchmark;Log_Info_Format_WithoutBoxing;Default;Default;Default;Default;Default;Default;Default;Default;Default;Default;Default;Default;Default;Default;Default;Default;Default;Default;Default;Default;Default;Default;Default;Default;Default;Default;DefaultJob;;1;Pilot;12;38080940.07;32768;1162.14;41;0;0;384
Log_Enabled_Benchmark.Log_Info_Format_WithoutBoxing;Catel.Benchmarks.Logging;Log_Enabled_Benchmark;Log_Info_Format_WithoutBoxing;Default;Default;Default;Default;Default;Default;Default;Default;Default;Default;Default;Default;Default;Default;Default;Default;Default;Default;Default;Default;Default;Default;Default;Default;Default;Default;DefaultJob;;1;Pilot;13;56959116.63;65536;869.13;41;0;0;384
Log_Enabled_Benchmark.Log_Info_Format_WithoutBoxing;Catel.Benchmarks.Logging;Log_Enabled_Benchmark;Log_Info_Format_WithoutBoxing;Default;Default;Default;Default;Default;Default;Default;Default;Default;Default;Default;Default;Default;Default;Default;Default;Default;Default;Default;Default;Default;Default;Default;Default;Default;Default;DefaultJob;;1;Pilot;14;122638947.89;131072;935.66;41;0;0;384
Log_Enabled_Benchmark.Log_Info_Format_WithoutBoxing;Catel.Benchmarks.Logging;Log_Enabled_Benchmark;Log_Info_Format_WithoutBoxing;Default;Default;Default;Default;Default;Default;Default;Default;Default;Default;Default;Default;Default;Default;Default;Default;Default;Default;Default;Default;Default;Default;Default;Default;Default;Default;DefaultJob;;1;Pilot;15;202728454.45;262144;773.35;41;0;0;384
Log_Enabled_Benchmark.Log_Info_Format_WithoutBoxing;Catel.Benchmarks.Logging;Log_Enabled_Benchmark;Log_Info_Format_WithoutBoxing;Default;Default;Default;Default;Default;Default;Default;Default;Default;Default;Default;Default;Default;Default;Default;Default;Default;Default;Default;Default;Default;Default;Default;Default;Default;Default;DefaultJob;;1;IdleWarmup;1;521635.46;262144;1.99;41;0;0;384
Log_Enabled_Benchmark.Log_Info_Format_WithoutBoxing;Catel.Benchmarks.Logging;Log_Enabled_Benchmark;Log_Info_Format_WithoutBoxing;Default;Default;Default;Default;Default;Default;Default;Default;Default;Default;Default;Default;Default;Default;Default;Default;Default;Default;Default;Default;Default;Default;Default;Default;Default;Default;DefaultJob;;1;IdleWarmup;2;519152.96;262144;1.98;41;0;0;384
Log_Enabled_Benchmark.Log_Info_Format_WithoutBoxing;Catel.Benchmarks.Logging;Log_Enabled_Benchmark;Log_Info_Format_WithoutBoxing;Default;Default;Default;Default;Default;Default;Default;Default;Default;Default;Default;Default;Default;Default;Default;Default;Default;Default;Default;Default;Default;Default;Default;Default;Default;Default;DefaultJob;;1;IdleWarmup;3;516980.77;262144;1.97;41;0;0;384
Log_Enabled_Benchmark.Log_Info_Format_WithoutBoxing;Catel.Benchmarks.Logging;Log_Enabled_Benchmark;Log_Info_Format_WithoutBoxing;Default;Default;Default;Default;Default;Default;Default;Default;Default;Default;Default;Default;Default;Default;Default;Default;Default;Default;Default;Default;Default;Default;Default;Default;Default;Default;DefaultJob;;1;IdleWarmup;4;519152.96;262144;1.98;41;0;0;384
Log_Enabled_Benchmark.Log_Info_Format_WithoutBoxing;Catel.Benchmarks.Logging;Log_Enabled_Benchmark;Log_Info_Format_WithoutBoxing;Default;Default;Default;Default;Default;Default;Default;Default;Default;Default;Default;Default;Default;Default;Default;Default;Default;Default;Default;Default;Default;Default;Default;Default;Default;Default;DefaultJob;;1;IdleWarmup;5;516980.77;262144;1.97;41;0;0;384
Log_Enabled_Benchmark.Log_Info_Format_WithoutBoxing;Catel.Benchmarks.Logging;Log_Enabled_Benchmark;Log_Info_Format_WithoutBoxing;Default;Default;Default;Default;Default;Default;Default;Default;Default;Default;Default;Default;Default;Default;Default;Default;Default;Default;Default;Default;Default;Default;Default;Default;Default;Default;DefaultJob;;1;IdleWarmup;6;602627.04;262144;2.3;41;0;0;384
Log_Enabled_Benchmark.Log_Info_Format_WithoutBoxing;Catel.Benchmarks.Logging;Log_Enabled_Benchmark;Log_Info_Format_WithoutBoxing;Default;Default;Default;Default;Default;Default;Default;Default;Default;Default;Default;Default;Default;Default;Default;Default;Default;Default;Default;Default;Default;Default;Default;Default;Default;Default;DefaultJob;;1;IdleWarmup;7;519773.58;262144;1.98;41;0;0;384
Log_Enabled_Benchmark.Log_Info_Format_WithoutBoxing;Catel.Benchmarks.Logging;Log_Enabled_Benchmark;Log_Info_Format_WithoutBoxing;Default;Default;Default;Default;Default;Default;Default;Default;Default;Default;Default;Default;Default;Default;Default;Default;Default;Default;Default;Default;Default;Default;Default;Default;Default;Default;DefaultJob;;1;IdleTarget;1;519463.27;262144;1.98;41;0;0;384
Log_Enabled_Benchmark.Log_Info_Format_WithoutBoxing;Catel.Benchmarks.Logging;Log_Enabled_Benchmark;Log_Info_Format_WithoutBoxing;Default;Default;Default;Default;Default;Default;Default;Default;Default;Default;Default;Default;Default;Default;Default;Default;Default;Default;Default;Default;Default;Default;Default;Default;Default;Default;DefaultJob;;1;IdleTarget;2;516980.77;262144;1.97;41;0;0;384
Log_Enabled_Benchmark.Log_Info_Format_WithoutBoxing;Catel.Benchmarks.Logging;Log_Enabled_Benchmark;Log_Info_Format_WithoutBoxing;Default;Default;Default;Default;Default;Default;Default;Default;Default;Default;Default;Default;Default;Default;Default;Default;Default;Default;Default;Default;Default;Default;Default;Default;Default;Default;DefaultJob;;1;IdleTarget;3;519152.96;262144;1.98;41;0;0;384
Log_Enabled_Benchmark.Log_Info_Format_WithoutBoxing;Catel.Benchmarks.Logging;Log_Enabled_Benchmark;Log_Info_Format_WithoutBoxing;Default;Default;Default;Default;Default;Default;Default;Default;Default;Default;Default;Default;Default;Default;Default;Default;Default;Default;Default;Default;Default;Default;Default;Default;Default;Default;DefaultJob;;1;IdleTarget;4;517291.08;262144;1.97;41;0;0;384
Log_Enabled_Benchmark.Log_Info_Format_WithoutBoxing;Catel.Benchmarks.Logging;Log_Enabled_Benchmark;Log_Info_Format_WithoutBoxing;Default;Default;Default;Default;Default;Default;Default;Default;Default;Default;Default;Default;Default;Default;Default;Default;Default;Default;Default;Default;Default;Default;Default;Default;Default;Default;DefaultJob;;1;IdleTarget;5;517911.71;262144;1.98;41;0;0;384
Log_Enabled_Benchmark.Log_Info_Format_WithoutBoxing;Catel.Benchmarks.Logging;Log_Enabled_Benchmark;Log_Info_Format_WithoutBoxing;Default;Default;Default;Default;Default;Default;Default;Default;Default;Default;Default;Default;Default;Default;Default;Default;Default;Default;Default;Default;Default;Default;Default;Default;Default;Default;DefaultJob;;1;IdleTarget;6;532186.09;262144;2.03;41;0;0;384
Log_Enabled_Benchmark.Log_Info_Format_WithoutBoxing;Catel.Benchmarks.Logging;Log_Enabled_Benchmark;Log_Info_Format_WithoutBoxing;Default;Default;Default;Default;Default;Default;Default;Default;Default;Default;Default;Default;Default;Default;Default;Default;Default;Default;Default;Default;Default;Default;Default;Default;Default;Default;DefaultJob;;1;IdleTarget;7;521014.83;262144;1.99;41;0;0;384
Log_Enabled_Benchmark.Log_Info_Format_WithoutBoxing;Catel.Benchmarks.Logging;Log_Enabled_Benchmark;Log_Info_Format_WithoutBoxing;Default;Default;Default;Default;Default;Default;Default;Default;Default;Default;Default;Default;Default;Default;Default;Default;Default;Default;Default;Default;Default;Default;Default;Default;Default;Default;DefaultJob;;1;IdleTarget;8;517291.08;262144;1.97;41;0;0;384
Log_Enabled_Benchmark.Log_Info_Format_WithoutBoxing;Catel.Benchmarks.Logging;Log_Enabled_Benchmark;Log_Info_Format_WithoutBoxing;Default;Default;Default;Default;Default;Default;Default;Default;Default;Default;Default;Default;Default;Default;Default;Default;Default;Default;Default;Default;Default;Default;Default;Default;Default;Default;DefaultJob;;1;IdleTarget;9;519463.27;262144;1.98;41;0;0;384
Log_Enabled_Benchmark.Log_Info_Format_WithoutBoxing;Catel.Benchmarks.Logging;Log_Enabled_Benchmark;Log_Info_Format_WithoutBoxing;Default;Default;Default;Default;Default;Default;Default;Default;Default;Default;Default;Default;Default;Default;Default;Default;Default;Default;Default;Default;Default;Default;Default;Default;Default;Default;DefaultJob;;1;IdleTarget;10;516980.77;262144;1.97;41;0;0;384
Log_Enabled_Benchmark.Log_Info_Format_WithoutBoxing;Catel.Benchmarks.Logging;Log_Enabled_Benchmark;Log_Info_Format_WithoutBoxing;Default;Default;Default;Default;Default;Default;Default;Default;Default;Default;Default;Default;Default;Default;Default;Default;Default;Default;Default;Default;Default;Default;Default;Default;Default;Default;DefaultJob;;1;IdleTarget;11;516980.77;262144;1.97;41;0;0;384
Log_Enabled_Benchmark.Log_Info_Format_WithoutBoxing;Catel.Benchmarks.Logging;Log_Enabled_Benchmark;Log_Info_Format_WithoutBoxing;Default;Default;Default;Default;Default;Default;Default;Default;Default;Default;Default;Default;Default;Default;Default;Default;Default;Default;Default;Default;Default;Default;Default;Default;Default;Default;DefaultJob;;1;IdleTarget;12;527221.09;262144;2.01;41;0;0;384
Log_Enabled_Benchmark.Log_Info_Format_WithoutBoxing;Catel.Benchmarks.Logging;Log_Enabled_Benchmark;Log_Info_Format_WithoutBoxing;Default;Default;Default;Default;Default;Default;Default;Default;Default;Default;Default;Default;Default;Default;Default;Default;Default;Default;Default;Default;Default;Default;Default;Default;Default;Default;DefaultJob;;1;IdleTarget;13;519463.27;262144;1.98;41;0;0;384
Log_Enabled_Benchmark.Log_Info_Format_WithoutBoxing;Catel.Benchmarks.Logging;Log_Enabled_Benchmark;Log_Info_Format_WithoutBoxing;Default;Default;Default;Default;Default;Default;Default;Default;Default;Default;Default;Default;Default;Default;Default;Default;Default;Default;Default;Default;Default;Default;Default;Default;Default;Default;DefaultJob;;1;IdleTarget;14;579043.29;262144;2.21;41;0;0;384
Log_Enabled_Benchmark.Log_Info_Format_WithoutBoxing;Catel.Benchmarks.Logging;Log_Enabled_Benchmark;Log_Info_Format_WithoutBoxing;Default;Default;Default;Default;Default;Default;Default;Default;Default;Default;Default;Default;Default;Default;Default;Default;Default;Default;Default;Default;Default;Default;Default;Default;Default;Default;DefaultJob;;1;IdleTarget;15;518842.65;262144;1.98;41;0;0;384
Log_Enabled_Benchmark.Log_Info_Format_WithoutBoxing;Catel.Benchmarks.Logging;Log_Enabled_Benchmark;Log_Info_Format_WithoutBoxing;Default;Default;Default;Default;Default;Default;Default;Default;Default;Default;Default;Default;Default;Default;Default;Default;Default;Default;Default;Default;Default;Default;Default;Default;Default;Default;DefaultJob;;1;MainWarmup;1;206357870.47;262144;787.19;41;0;0;384
Log_Enabled_Benchmark.Log_Info_Format_WithoutBoxing;Catel.Benchmarks.Logging;Log_Enabled_Benchmark;Log_Info_Format_WithoutBoxing;Default;Default;Default;Default;Default;Default;Default;Default;Default;Default;Default;Default;Default;Default;Default;Default;Default;Default;Default;Default;Default;Default;Default;Default;Default;Default;DefaultJob;;1;MainWarmup;2;211215814.03;262144;805.72;41;0;0;384
Log_Enabled_Benchmark.Log_Info_Format_WithoutBoxing;Catel.Benchmarks.Logging;Log_Enabled_Benchmark;Log_Info_Format_WithoutBoxing;Default;Default;Default;Default;Default;Default;Default;Default;Default;Default;Default;Default;Default;Default;Default;Default;Default;Default;Default;Default;Default;Default;Default;Default;Default;Default;DefaultJob;;1;MainWarmup;3;203485306.85;262144;776.23;41;0;0;384
Log_Enabled_Benchmark.Log_Info_Format_WithoutBoxing;Catel.Benchmarks.Logging;Log_Enabled_Benchmark;Log_Info_Format_WithoutBoxing;Default;Default;Default;Default;Default;Default;Default;Default;Default;Default;Default;Default;Default;Default;Default;Default;Default;Default;Default;Default;Default;Default;Default;Default;Default;Default;DefaultJob;;1;MainWarmup;4;207730072.73;262144;792.43;41;0;0;384
Log_Enabled_Benchmark.Log_Info_Format_WithoutBoxing;Catel.Benchmarks.Logging;Log_Enabled_Benchmark;Log_Info_Format_WithoutBoxing;Default;Default;Default;Default;Default;Default;Default;Default;Default;Default;Default;Default;Default;Default;Default;Default;Default;Default;Default;Default;Default;Default;Default;Default;Default;Default;DefaultJob;;1;MainWarmup;5;204182268.92;262144;778.89;41;0;0;384
Log_Enabled_Benchmark.Log_Info_Format_WithoutBoxing;Catel.Benchmarks.Logging;Log_Enabled_Benchmark;Log_Info_Format_WithoutBoxing;Default;Default;Default;Default;Default;Default;Default;Default;Default;Default;Default;Default;Default;Default;Default;Default;Default;Default;Default;Default;Default;Default;Default;Default;Default;Default;DefaultJob;;1;MainWarmup;6;204640910.93;262144;780.64;41;0;0;384
Log_Enabled_Benchmark.Log_Info_Format_WithoutBoxing;Catel.Benchmarks.Logging;Log_Enabled_Benchmark;Log_Info_Format_WithoutBoxing;Default;Default;Default;Default;Default;Default;Default;Default;Default;Default;Default;Default;Default;Default;Default;Default;Default;Default;Default;Default;Default;Default;Default;Default;Default;Default;DefaultJob;;1;MainTarget;1;229156225.94;262144;874.16;41;0;0;384
Log_Enabled_Benchmark.Log_Info_Format_WithoutBoxing;Catel.Benchmarks.Logging;Log_Enabled_Benchmark;Log_Info_Format_WithoutBoxing;Default;Default;Default;Default;Default;Default;Default;Default;Default;Default;Default;Default;Default;Default;Default;Default;Default;Default;Default;Default;Default;Default;Default;Default;Default;Default;DefaultJob;;1;MainTarget;2;201933433.61;262144;770.31;41;0;0;384
Log_Enabled_Benchmark.Log_Info_Format_WithoutBoxing;Catel.Benchmarks.Logging;Log_Enabled_Benchmark;Log_Info_Format_WithoutBoxing;Default;Default;Default;Default;Default;Default;Default;Default;Default;Default;Default;Default;Default;Default;Default;Default;Default;Default;Default;Default;Default;Default;Default;Default;Default;Default;DefaultJob;;1;MainTarget;3;207418518.9;262144;791.24;41;0;0;384
Log_Enabled_Benchmark.Log_Info_Format_WithoutBoxing;Catel.Benchmarks.Logging;Log_Enabled_Benchmark;Log_Info_Format_WithoutBoxing;Default;Default;Default;Default;Default;Default;Default;Default;Default;Default;Default;Default;Default;Default;Default;Default;Default;Default;Default;Default;Default;Default;Default;Default;Default;Default;DefaultJob;;1;MainTarget;4;200799551.41;262144;765.99;41;0;0;384
Log_Enabled_Benchmark.Log_Info_Format_WithoutBoxing;Catel.Benchmarks.Logging;Log_Enabled_Benchmark;Log_Info_Format_WithoutBoxing;Default;Default;Default;Default;Default;Default;Default;Default;Default;Default;Default;Default;Default;Default;Default;Default;Default;Default;Default;Default;Default;Default;Default;Default;Default;Default;DefaultJob;;1;MainTarget;5;203076625.18;262144;774.68;41;0;0;384
Log_Enabled_Benchmark.Log_Info_Format_WithoutBoxing;Catel.Benchmarks.Logging;Log_Enabled_Benchmark;Log_Info_Format_WithoutBoxing;Default;Default;Default;Default;Default;Default;Default;Default;Default;Default;Default;Default;Default;Default;Default;Default;Default;Default;Default;Default;Default;Default;Default;Default;Default;Default;DefaultJob;;1;MainTarget;6;211821233.88;262144;808.03;41;0;0;384
Log_Enabled_Benchmark.Log_Info_Format_WithoutBoxing;Catel.Benchmarks.Logging;Log_Enabled_Benchmark;Log_Info_Format_WithoutBoxing;Default;Default;Default;Default;Default;Default;Default;Default;Default;Default;Default;Default;Default;Default;Default;Default;Default;Default;Default;Default;Default;Default;Default;Default;Default;Default;DefaultJob;;1;MainTarget;7;223166572.38;262144;851.31;41;0;0;384
Log_Enabled_Benchmark.Log_Info_Format_WithoutBoxing;Catel.Benchmarks.Logging;Log_Enabled_Benchmark;Log_Info_Format_WithoutBoxing;Default;Default;Default;Default;Default;Default;Default;Default;Default;Default;Default;Default;Default;Default;Default;Default;Default;Default;Default;Default;Default;Default;Default;Default;Default;Default;DefaultJob;;1;MainTarget;8;202865302.3;262144;773.87;41;0;0;384
Log_Enabled_Benchmark.Log_Info_Format_WithoutBoxing;Catel.Benchmarks.Logging;Log_Enabled_Benchmark;Log_Info_Format_WithoutBoxing;Default;Default;Default;Default;Default;Default;Default;Default;Default;Default;Default;Default;Default;Default;Default;Default;Default;Default;Default;Default;Default;Default;Default;Default;Default;Default;DefaultJob;;1;MainTarget;9;203527819.68;262144;776.4;41;0;0;384
Log_Enabled_Benchmark.Log_Info_Format_WithoutBoxing;Catel.Benchmarks.Logging;Log_Enabled_Benchmark;Log_Info_Format_WithoutBoxing;Default;Default;Default;Default;Default;Default;Default;Default;Default;Default;Default;Default;Default;Default;Default;Default;Default;Default;Default;Default;Default;Default;Default;Default;Default;Default;DefaultJob;;1;MainTarget;10;255333575.17;262144;974.02;41;0;0;384
Log_Enabled_Benchmark.Log_Info_Format_WithoutBoxing;Catel.Benchmarks.Logging;Log_Enabled_Benchmark;Log_Info_Format_WithoutBoxing;Default;Default;Default;Default;Default;Default;Default;Default;Default;Default;Default;Default;Default;Default;Default;Default;Default;Default;Default;Default;Default;Default;Default;Default;Default;Default;DefaultJob;;1;MainTarget;11;202234126.5;262144;771.46;41;0;0;384
Log_Enabled_Benchmark.Log_Info_Format_WithoutBoxing;Catel.Benchmarks.Logging;Log_Enabled_Benchmark;Log_Info_Format_WithoutBoxing;Default;Default;Default;Default;Default;Default;Default;Default;Default;Default;Default;Default;Default;Default;Default;Default;Default;Default;Default;Default;Default;Default;Default;Default;Default;Default;DefaultJob;;1;MainTarget;12;202257710.26;262144;771.55;41;0;0;384
Log_Enabled_Benchmark.Log_Info_Format_WithoutBoxing;Catel.Benchmarks.Logging;Log_Enabled_Benchmark;Log_Info_Format_WithoutBoxing;Default;Default;Default;Default;Default;Default;Default;Default;Default;Default;Default;Default;Default;Default;Default;Default;Default;Default;Default;Default;Default;Default;Default;Default;Default;Default;DefaultJob;;1;MainTarget;13;209264258.17;262144;798.28;41;0;0;384
Log_Enabled_Benchmark.Log_Info_Format_WithoutBoxing;Catel.Benchmarks.Logging;Log_Enabled_Benchmark;Log_Info_Format_WithoutBoxing;Default;Default;Default;Default;Default;Default;Default;Default;Default;Default;Default;Default;Default;Default;Default;Default;Default;Default;Default;Default;Default;Default;Default;Default;Default;Default;DefaultJob;;1;MainTarget;14;204347355.22;262144;779.52;41;0;0;384
Log_Enabled_Benchmark.Log_Info_Format_WithoutBoxing;Catel.Benchmarks.Logging;Log_Enabled_Benchmark;Log_Info_Format_WithoutBoxing;Default;Default;Default;Default;Default;Default;Default;Default;Default;Default;Default;Default;Default;Default;Default;Default;Default;Default;Default;Default;Default;Default;Default;Default;Default;Default;DefaultJob;;1;MainTarget;15;203358699.32;262144;775.75;41;0;0;384
Log_Enabled_Benchmark.Log_Info_Format_WithoutBoxing;Catel.Benchmarks.Logging;Log_Enabled_Benchmark;Log_Info_Format_WithoutBoxing;Default;Default;Default;Default;Default;Default;Default;Default;Default;Default;Default;Default;Default;Default;Default;Default;Default;Default;Default;Default;Default;Default;Default;Default;Default;Default;DefaultJob;;1;Result;1;201409481.15;262144;768.32;41;0;0;384
Log_Enabled_Benchmark.Log_Info_Format_WithoutBoxing;Catel.Benchmarks.Logging;Log_Enabled_Benchmark;Log_Info_Format_WithoutBoxing;Default;Default;Default;Default;Default;Default;Default;Default;Default;Default;Default;Default;Default;Default;Default;Default;Default;Default;Default;Default;Default;Default;Default;Default;Default;Default;DefaultJob;;1;Result;2;206894566.44;262144;789.24;41;0;0;384
Log_Enabled_Benchmark.Log_Info_Format_WithoutBoxing;Catel.Benchmarks.Logging;Log_Enabled_Benchmark;Log_Info_Format_WithoutBoxing;Default;Default;Default;Default;Default;Default;Default;Default;Default;Default;Default;Default;Default;Default;Default;Default;Default;Default;Default;Default;Default;Default;Default;Default;Default;Default;DefaultJob;;1;Result;3;200275598.95;262144;763.99;41;0;0;384
Log_Enabled_Benchmark.Log_Info_Format_WithoutBoxing;Catel.Benchmarks.Logging;Log_Enabled_Benchmark;Log_Info_Format_WithoutBoxing;Default;Default;Default;Default;Default;Default;Default;Default;Default;Default;Default;Default;Default;Default;Default;Default;Default;Default;Default;Default;Default;Default;Default;Default;Default;Default;DefaultJob;;1;Result;4;202552672.72;262144;772.68;41;0;0;384
Log_Enabled_Benchmark.Log_Info_Format_WithoutBoxing;Catel.Benchmarks.Logging;Log_Enabled_Benchmark;Log_Info_Format_WithoutBoxing;Default;Default;Default;Default;Default;Default;Default;Default;Default;Default;Default;Default;Default;Default;Default;Default;Default;Default;Default;Default;Default;Default;Default;Default;Default;Default;DefaultJob;;1;Result;5;211297281.42;262144;806.04;41;0;0;384
Log_Enabled_Benchmark.Log_Info_Format_WithoutBoxing;Catel.Benchmarks.Logging;Log_Enabled_Benchmark;Log_Info_Format_WithoutBoxing;Default;Default;Default;Default;Default;Default;Default;Default;Default;Default;Default;Default;Default;Default;Default;Default;Default;Default;Default;Default;Default;Default;Default;Default;Default;Default;DefaultJob;;1;Result;6;222642619.92;262144;849.31;41;0;0;384
Log_Enabled_Benchmark.Log_Info_Format_WithoutBoxing;Catel.Benchmarks.Logging;Log_Enabled_Benchmark;Log_Info_Format_WithoutBoxing;Default;Default;Default;Default;Default;Default;Default;Default;Default;Default;Default;Default;Default;Default;Default;Default;Default;Default;Default;Default;Default;Default;Default;Default;Default;Default;DefaultJob;;1;Result;7;202341349.85;262144;771.87;41;0;0;384
Log_Enabled_Benchmark.Log_Info_Format_WithoutBoxing;Catel.Benchmarks.Logging;Log_Enabled_Benchmark;Log_Info_Format_WithoutBoxing;Default;Default;Default;Default;Default;Default;Default;Default;Default;Default;Default;Default;Default;Default;Default;Default;Default;Default;Default;Default;Default;Default;Default;Default;Default;Default;DefaultJob;;1;Result;8;203003867.22;262144;774.4;41;0;0;384
Log_Enabled_Benchmark.Log_Info_Format_WithoutBoxing;Catel.Benchmarks.Logging;Log_Enabled_Benchmark;Log_Info_Format_WithoutBoxing;Default;Default;Default;Default;Default;Default;Default;Default;Default;Default;Default;Default;Default;Default;Default;Default;Default;Default;Default;Default;Default;Default;Default;Default;Default;Default;DefaultJob;;1;Result;9;201710174.04;262144;769.46;41;0;0;384
Log_Enabled_Benchmark.Log_Info_Format_WithoutBoxing;Catel.Benchmarks.Logging;Log_Enabled_Benchmark;Log_Info_Format_WithoutBoxing;Default;Default;Default;Default;Default;Default;Default;Default;Default;Default;Default;Default;Default;Default;Default;Default;Default;Default;Default;Default;Default;Default;Default;Default;Default;Default;DefaultJob;;1;Result;10;201733757.8;262144;769.55;41;0;0;384
Log_Enabled_Benchmark.Log_Info_Format_WithoutBoxing;Catel.Benchmarks.Logging;Log_Enabled_Benchmark;Log_Info_Format_WithoutBoxing;Default;Default;Default;Default;Default;Default;Default;Default;Default;Default;Default;Default;Default;Default;Default;Default;Default;Default;Default;Default;Default;Default;Default;Default;Default;Default;DefaultJob;;1;Result;11;208740305.71;262144;796.28;41;0;0;384
Log_Enabled_Benchmark.Log_Info_Format_WithoutBoxing;Catel.Benchmarks.Logging;Log_Enabled_Benchmark;Log_Info_Format_WithoutBoxing;Default;Default;Default;Default;Default;Default;Default;Default;Default;Default;Default;Default;Default;Default;Default;Default;Default;Default;Default;Default;Default;Default;Default;Default;Default;Default;DefaultJob;;1;Result;12;203823402.76;262144;777.52;41;0;0;384
Log_Enabled_Benchmark.Log_Info_Format_WithoutBoxing;Catel.Benchmarks.Logging;Log_Enabled_Benchmark;Log_Info_Format_WithoutBoxing;Default;Default;Default;Default;Default;Default;Default;Default;Default;Default;Default;Default;Default;Default;Default;Default;Default;Default;Default;Default;Default;Default;Default;Default;Default;Default;DefaultJob;;1;Result;13;202834746.86;262144;773.75;41;0;0;384
Log_Enabled_Benchmark.Log_Info_Format_WithBoxing;Catel.Benchmarks.Logging;Log_Enabled_Benchmark;Log_Info_Format_WithBoxing;Default;Default;Default;Default;Default;Default;Default;Default;Default;Default;Default;Default;Default;Default;Default;Default;Default;Default;Default;Default;Default;Default;Default;Default;Default;Default;DefaultJob;;1;Pilot;1;290142.27;16;18133.89;72;0;0;392
Log_Enabled_Benchmark.Log_Info_Format_WithBoxing;Catel.Benchmarks.Logging;Log_Enabled_Benchmark;Log_Info_Format_WithBoxing;Default;Default;Default;Default;Default;Default;Default;Default;Default;Default;Default;Default;Default;Default;Default;Default;Default;Default;Default;Default;Default;Default;Default;Default;Default;Default;DefaultJob;;1;Pilot;2;49650.01;32;1551.56;72;0;0;392
Log_Enabled_Benchmark.Log_Info_Format_WithBoxing;Catel.Benchmarks.Logging;Log_Enabled_Benchmark;Log_Info_Format_WithBoxing;Default;Default;Default;Default;Default;Default;Default;Default;Default;Default;Default;Default;Default;Default;Default;Default;Default;Default;Default;Default;Default;Default;Default;Default;Default;Default;DefaultJob;;1;Pilot;3;79440.02;64;1241.25;72;0;0;392
Log_Enabled_Benchmark.Log_Info_Format_WithBoxing;Catel.Benchmarks.Logging;Log_Enabled_Benchmark;Log_Info_Format_WithBoxing;Default;Default;Default;Default;Default;Default;Default;Default;Default;Default;Default;Default;Default;Default;Default;Default;Default;Default;Default;Default;Default;Default;Default;Default;Default;Default;DefaultJob;;1;Pilot;4;148019.1;128;1156.4;72;0;0;392
Log_Enabled_Benchmark.Log_Info_Format_WithBoxing;Catel.Benchmarks.Logging;Log_Enabled_Benchmark;Log_Info_Format_WithBoxing;Default;Default;Default;Default;Default;Default;Default;Default;Default;Default;Default;Default;Default;Default;Default;Default;Default;Default;Default;Default;Default;Default;Default;Default;Default;Default;DefaultJob;;1;Pilot;5;255076.95;256;996.39;72;0;0;392
Log_Enabled_Benchmark.Log_Info_Format_WithBoxing;Catel.Benchmarks.Logging;Log_Enabled_Benchmark;Log_Info_Format_WithBoxing;Default;Default;Default;Default;Default;Default;Default;Default;Default;Default;Default;Default;Default;Default;Default;Default;Default;Default;Default;Default;Default;Default;Default;Default;Default;Default;DefaultJob;;1;Pilot;6;658483.31;512;1286.1;72;0;0;392
Log_Enabled_Benchmark.Log_Info_Format_WithBoxing;Catel.Benchmarks.Logging;Log_Enabled_Benchmark;Log_Info_Format_WithBoxing;Default;Default;Default;Default;Default;Default;Default;Default;Default;Default;Default;Default;Default;Default;Default;Default;Default;Default;Default;Default;Default;Default;Default;Default;Default;Default;DefaultJob;;1;Pilot;7;931248.07;1024;909.42;72;0;0;392
Log_Enabled_Benchmark.Log_Info_Format_WithBoxing;Catel.Benchmarks.Logging;Log_Enabled_Benchmark;Log_Info_Format_WithBoxing;Default;Default;Default;Default;Default;Default;Default;Default;Default;Default;Default;Default;Default;Default;Default;Default;Default;Default;Default;Default;Default;Default;Default;Default;Default;Default;DefaultJob;;1;Pilot;8;1841705.2;2048;899.27;72;0;0;392
Log_Enabled_Benchmark.Log_Info_Format_WithBoxing;Catel.Benchmarks.Logging;Log_Enabled_Benchmark;Log_Info_Format_WithBoxing;Default;Default;Default;Default;Default;Default;Default;Default;Default;Default;Default;Default;Default;Default;Default;Default;Default;Default;Default;Default;Default;Default;Default;Default;Default;Default;DefaultJob;;1;Pilot;9;3656102.9;4096;892.6;72;0;0;392
Log_Enabled_Benchmark.Log_Info_Format_WithBoxing;Catel.Benchmarks.Logging;Log_Enabled_Benchmark;Log_Info_Format_WithBoxing;Default;Default;Default;Default;Default;Default;Default;Default;Default;Default;Default;Default;Default;Default;Default;Default;Default;Default;Default;Default;Default;Default;Default;Default;Default;Default;DefaultJob;;1;Pilot;10;7291414.86;8192;890.07;72;0;0;392
Log_Enabled_Benchmark.Log_Info_Format_WithBoxing;Catel.Benchmarks.Logging;Log_Enabled_Benchmark;Log_Info_Format_WithBoxing;Default;Default;Default;Default;Default;Default;Default;Default;Default;Default;Default;Default;Default;Default;Default;Default;Default;Default;Default;Default;Default;Default;Default;Default;Default;Default;DefaultJob;;1;Pilot;11;14662890.37;16384;894.95;72;0;0;392
Log_Enabled_Benchmark.Log_Info_Format_WithBoxing;Catel.Benchmarks.Logging;Log_Enabled_Benchmark;Log_Info_Format_WithBoxing;Default;Default;Default;Default;Default;Default;Default;Default;Default;Default;Default;Default;Default;Default;Default;Default;Default;Default;Default;Default;Default;Default;Default;Default;Default;Default;DefaultJob;;1;Pilot;12;28731532.13;32768;876.82;72;0;0;392
Log_Enabled_Benchmark.Log_Info_Format_WithBoxing;Catel.Benchmarks.Logging;Log_Enabled_Benchmark;Log_Info_Format_WithBoxing;Default;Default;Default;Default;Default;Default;Default;Default;Default;Default;Default;Default;Default;Default;Default;Default;Default;Default;Default;Default;Default;Default;Default;Default;Default;Default;DefaultJob;;1;Pilot;13;56139891.4;65536;856.63;72;0;0;392
Log_Enabled_Benchmark.Log_Info_Format_WithBoxing;Catel.Benchmarks.Logging;Log_Enabled_Benchmark;Log_Info_Format_WithBoxing;Default;Default;Default;Default;Default;Default;Default;Default;Default;Default;Default;Default;Default;Default;Default;Default;Default;Default;Default;Default;Default;Default;Default;Default;Default;Default;DefaultJob;;1;Pilot;14;117285435.14;131072;894.82;72;0;0;392
Log_Enabled_Benchmark.Log_Info_Format_WithBoxing;Catel.Benchmarks.Logging;Log_Enabled_Benchmark;Log_Info_Format_WithBoxing;Default;Default;Default;Default;Default;Default;Default;Default;Default;Default;Default;Default;Default;Default;Default;Default;Default;Default;Default;Default;Default;Default;Default;Default;Default;Default;DefaultJob;;1;Pilot;15;238440468.24;262144;909.58;72;0;0;392
Log_Enabled_Benchmark.Log_Info_Format_WithBoxing;Catel.Benchmarks.Logging;Log_Enabled_Benchmark;Log_Info_Format_WithBoxing;Default;Default;Default;Default;Default;Default;Default;Default;Default;Default;Default;Default;Default;Default;Default;Default;Default;Default;Default;Default;Default;Default;Default;Default;Default;Default;DefaultJob;;1;IdleWarmup;1;519463.27;262144;1.98;72;0;0;392
Log_Enabled_Benchmark.Log_Info_Format_WithBoxing;Catel.Benchmarks.Logging;Log_Enabled_Benchmark;Log_Info_Format_WithBoxing;Default;Default;Default;Default;Default;Default;Default;Default;Default;Default;Default;Default;Default;Default;Default;Default;Default;Default;Default;Default;Default;Default;Default;Default;Default;Default;DefaultJob;;1;IdleWarmup;2;512015.77;262144;1.95;72;0;0;392
Log_Enabled_Benchmark.Log_Info_Format_WithBoxing;Catel.Benchmarks.Logging;Log_Enabled_Benchmark;Log_Info_Format_WithBoxing;Default;Default;Default;Default;Default;Default;Default;Default;Default;Default;Default;Default;Default;Default;Default;Default;Default;Default;Default;Default;Default;Default;Default;Default;Default;Default;DefaultJob;;1;IdleWarmup;3;514498.27;262144;1.96;72;0;0;392
Log_Enabled_Benchmark.Log_Info_Format_WithBoxing;Catel.Benchmarks.Logging;Log_Enabled_Benchmark;Log_Info_Format_WithBoxing;Default;Default;Default;Default;Default;Default;Default;Default;Default;Default;Default;Default;Default;Default;Default;Default;Default;Default;Default;Default;Default;Default;Default;Default;Default;Default;DefaultJob;;1;IdleWarmup;4;515739.52;262144;1.97;72;0;0;392
Log_Enabled_Benchmark.Log_Info_Format_WithBoxing;Catel.Benchmarks.Logging;Log_Enabled_Benchmark;Log_Info_Format_WithBoxing;Default;Default;Default;Default;Default;Default;Default;Default;Default;Default;Default;Default;Default;Default;Default;Default;Default;Default;Default;Default;Default;Default;Default;Default;Default;Default;DefaultJob;;1;IdleWarmup;5;520394.21;262144;1.99;72;0;0;392
Log_Enabled_Benchmark.Log_Info_Format_WithBoxing;Catel.Benchmarks.Logging;Log_Enabled_Benchmark;Log_Info_Format_WithBoxing;Default;Default;Default;Default;Default;Default;Default;Default;Default;Default;Default;Default;Default;Default;Default;Default;Default;Default;Default;Default;Default;Default;Default;Default;Default;Default;DefaultJob;;1;IdleWarmup;6;512326.08;262144;1.95;72;0;0;392
Log_Enabled_Benchmark.Log_Info_Format_WithBoxing;Catel.Benchmarks.Logging;Log_Enabled_Benchmark;Log_Info_Format_WithBoxing;Default;Default;Default;Default;Default;Default;Default;Default;Default;Default;Default;Default;Default;Default;Default;Default;Default;Default;Default;Default;Default;Default;Default;Default;Default;Default;DefaultJob;;1;IdleWarmup;7;512326.08;262144;1.95;72;0;0;392
Log_Enabled_Benchmark.Log_Info_Format_WithBoxing;Catel.Benchmarks.Logging;Log_Enabled_Benchmark;Log_Info_Format_WithBoxing;Default;Default;Default;Default;Default;Default;Default;Default;Default;Default;Default;Default;Default;Default;Default;Default;Default;Default;Default;Default;Default;Default;Default;Default;Default;Default;DefaultJob;;1;IdleWarmup;8;512326.08;262144;1.95;72;0;0;392
Log_Enabled_Benchmark.Log_Info_Format_WithBoxing;Catel.Benchmarks.Logging;Log_Enabled_Benchmark;Log_Info_Format_WithBoxing;Default;Default;Default;Default;Default;Default;Default;Default;Default;Default;Default;Default;Default;Default;Default;Default;Default;Default;Default;Default;Default;Default;Default;Default;Default;Default;DefaultJob;;1;IdleTarget;1;515429.21;262144;1.97;72;0;0;392
Log_Enabled_Benchmark.Log_Info_Format_WithBoxing;Catel.Benchmarks.Logging;Log_Enabled_Benchmark;Log_Info_Format_WithBoxing;Default;Default;Default;Default;Default;Default;Default;Default;Default;Default;Default;Default;Default;Default;Default;Default;Default;Default;Default;Default;Default;Default;Default;Default;Default;Default;DefaultJob;;1;IdleTarget;2;512326.08;262144;1.95;72;0;0;392
Log_Enabled_Benchmark.Log_Info_Format_WithBoxing;Catel.Benchmarks.Logging;Log_Enabled_Benchmark;Log_Info_Format_WithBoxing;Default;Default;Default;Default;Default;Default;Default;Default;Default;Default;Default;Default;Default;Default;Default;Default;Default;Default;Default;Default;Default;Default;Default;Default;Default;Default;DefaultJob;;1;IdleTarget;3;517601.4;262144;1.97;72;0;0;392
Log_Enabled_Benchmark.Log_Info_Format_WithBoxing;Catel.Benchmarks.Logging;Log_Enabled_Benchmark;Log_Info_Format_WithBoxing;Default;Default;Default;Default;Default;Default;Default;Default;Default;Default;Default;Default;Default;Default;Default;Default;Default;Default;Default;Default;Default;Default;Default;Default;Default;Default;DefaultJob;;1;IdleTarget;4;536530.46;262144;2.05;72;0;0;392
Log_Enabled_Benchmark.Log_Info_Format_WithBoxing;Catel.Benchmarks.Logging;Log_Enabled_Benchmark;Log_Info_Format_WithBoxing;Default;Default;Default;Default;Default;Default;Default;Default;Default;Default;Default;Default;Default;Default;Default;Default;Default;Default;Default;Default;Default;Default;Default;Default;Default;Default;DefaultJob;;1;IdleTarget;5;513567.33;262144;1.96;72;0;0;392
Log_Enabled_Benchmark.Log_Info_Format_WithBoxing;Catel.Benchmarks.Logging;Log_Enabled_Benchmark;Log_Info_Format_WithBoxing;Default;Default;Default;Default;Default;Default;Default;Default;Default;Default;Default;Default;Default;Default;Default;Default;Default;Default;Default;Default;Default;Default;Default;Default;Default;Default;DefaultJob;;1;IdleTarget;6;522876.71;262144;1.99;72;0;0;392
Log_Enabled_Benchmark.Log_Info_Format_WithBoxing;Catel.Benchmarks.Logging;Log_Enabled_Benchmark;Log_Info_Format_WithBoxing;Default;Default;Default;Default;Default;Default;Default;Default;Default;Default;Default;Default;Default;Default;Default;Default;Default;Default;Default;Default;Default;Default;Default;Default;Default;Default;DefaultJob;;1;IdleTarget;7;512015.77;262144;1.95;72;0;0;392
Log_Enabled_Benchmark.Log_Info_Format_WithBoxing;Catel.Benchmarks.Logging;Log_Enabled_Benchmark;Log_Info_Format_WithBoxing;Default;Default;Default;Default;Default;Default;Default;Default;Default;Default;Default;Default;Default;Default;Default;Default;Default;Default;Default;Default;Default;Default;Default;Default;Default;Default;DefaultJob;;1;IdleTarget;8;512015.77;262144;1.95;72;0;0;392
Log_Enabled_Benchmark.Log_Info_Format_WithBoxing;Catel.Benchmarks.Logging;Log_Enabled_Benchmark;Log_Info_Format_WithBoxing;Default;Default;Default;Default;Default;Default;Default;Default;Default;Default;Default;Default;Default;Default;Default;Default;Default;Default;Default;Default;Default;Default;Default;Default;Default;Default;DefaultJob;;1;IdleTarget;9;586180.48;262144;2.24;72;0;0;392
Log_Enabled_Benchmark.Log_Info_Format_WithBoxing;Catel.Benchmarks.Logging;Log_Enabled_Benchmark;Log_Info_Format_WithBoxing;Default;Default;Default;Default;Default;Default;Default;Default;Default;Default;Default;Default;Default;Default;Default;Default;Default;Default;Default;Default;Default;Default;Default;Default;Default;Default;DefaultJob;;1;IdleTarget;10;534668.59;262144;2.04;72;0;0;392
Log_Enabled_Benchmark.Log_Info_Format_WithBoxing;Catel.Benchmarks.Logging;Log_Enabled_Benchmark;Log_Info_Format_WithBoxing;Default;Default;Default;Default;Default;Default;Default;Default;Default;Default;Default;Default;Default;Default;Default;Default;Default;Default;Default;Default;Default;Default;Default;Default;Default;Default;DefaultJob;;1;IdleTarget;11;512015.77;262144;1.95;72;0;0;392
Log_Enabled_Benchmark.Log_Info_Format_WithBoxing;Catel.Benchmarks.Logging;Log_Enabled_Benchmark;Log_Info_Format_WithBoxing;Default;Default;Default;Default;Default;Default;Default;Default;Default;Default;Default;Default;Default;Default;Default;Default;Default;Default;Default;Default;Default;Default;Default;Default;Default;Default;DefaultJob;;1;IdleTarget;12;521014.83;262144;1.99;72;0;0;392
Log_Enabled_Benchmark.Log_Info_Format_WithBoxing;Catel.Benchmarks.Logging;Log_Enabled_Benchmark;Log_Info_Format_WithBoxing;Default;Default;Default;Default;Default;Default;Default;Default;Default;Default;Default;Default;Default;Default;Default;Default;Default;Default;Default;Default;Default;Default;Default;Default;Default;Default;DefaultJob;;1;IdleTarget;13;577181.41;262144;2.2;72;0;0;392
Log_Enabled_Benchmark.Log_Info_Format_WithBoxing;Catel.Benchmarks.Logging;Log_Enabled_Benchmark;Log_Info_Format_WithBoxing;Default;Default;Default;Default;Default;Default;Default;Default;Default;Default;Default;Default;Default;Default;Default;Default;Default;Default;Default;Default;Default;Default;Default;Default;Default;Default;DefaultJob;;1;IdleTarget;14;523497.33;262144;2;72;0;0;392
Log_Enabled_Benchmark.Log_Info_Format_WithBoxing;Catel.Benchmarks.Logging;Log_Enabled_Benchmark;Log_Info_Format_WithBoxing;Default;Default;Default;Default;Default;Default;Default;Default;Default;Default;Default;Default;Default;Default;Default;Default;Default;Default;Default;Default;Default;Default;Default;Default;Default;Default;DefaultJob;;1;IdleTarget;15;516049.83;262144;1.97;72;0;0;392
Log_Enabled_Benchmark.Log_Info_Format_WithBoxing;Catel.Benchmarks.Logging;Log_Enabled_Benchmark;Log_Info_Format_WithBoxing;Default;Default;Default;Default;Default;Default;Default;Default;Default;Default;Default;Default;Default;Default;Default;Default;Default;Default;Default;Default;Default;Default;Default;Default;Default;Default;DefaultJob;;1;MainWarmup;1;229565217.93;262144;875.72;72;0;0;392
Log_Enabled_Benchmark.Log_Info_Format_WithBoxing;Catel.Benchmarks.Logging;Log_Enabled_Benchmark;Log_Info_Format_WithBoxing;Default;Default;Default;Default;Default;Default;Default;Default;Default;Default;Default;Default;Default;Default;Default;Default;Default;Default;Default;Default;Default;Default;Default;Default;Default;Default;DefaultJob;;1;MainWarmup;2;254166489.53;262144;969.57;72;0;0;392
Log_Enabled_Benchmark.Log_Info_Format_WithBoxing;Catel.Benchmarks.Logging;Log_Enabled_Benchmark;Log_Info_Format_WithBoxing;Default;Default;Default;Default;Default;Default;Default;Default;Default;Default;Default;Default;Default;Default;Default;Default;Default;Default;Default;Default;Default;Default;Default;Default;Default;Default;DefaultJob;;1;MainWarmup;3;245421880.82;262144;936.21;72;0;0;392
Log_Enabled_Benchmark.Log_Info_Format_WithBoxing;Catel.Benchmarks.Logging;Log_Enabled_Benchmark;Log_Info_Format_WithBoxing;Default;Default;Default;Default;Default;Default;Default;Default;Default;Default;Default;Default;Default;Default;Default;Default;Default;Default;Default;Default;Default;Default;Default;Default;Default;Default;DefaultJob;;1;MainWarmup;4;238387715.1;262144;909.38;72;0;0;392
Log_Enabled_Benchmark.Log_Info_Format_WithBoxing;Catel.Benchmarks.Logging;Log_Enabled_Benchmark;Log_Info_Format_WithBoxing;Default;Default;Default;Default;Default;Default;Default;Default;Default;Default;Default;Default;Default;Default;Default;Default;Default;Default;Default;Default;Default;Default;Default;Default;Default;Default;DefaultJob;;1;MainWarmup;5;223103268.62;262144;851.07;72;0;0;392
Log_Enabled_Benchmark.Log_Info_Format_WithBoxing;Catel.Benchmarks.Logging;Log_Enabled_Benchmark;Log_Info_Format_WithBoxing;Default;Default;Default;Default;Default;Default;Default;Default;Default;Default;Default;Default;Default;Default;Default;Default;Default;Default;Default;Default;Default;Default;Default;Default;Default;Default;DefaultJob;;1;MainWarmup;6;226613524.6;262144;864.46;72;0;0;392
Log_Enabled_Benchmark.Log_Info_Format_WithBoxing;Catel.Benchmarks.Logging;Log_Enabled_Benchmark;Log_Info_Format_WithBoxing;Default;Default;Default;Default;Default;Default;Default;Default;Default;Default;Default;Default;Default;Default;Default;Default;Default;Default;Default;Default;Default;Default;Default;Default;Default;Default;DefaultJob;;1;MainWarmup;7;223082787.98;262144;850.99;72;0;0;392
Log_Enabled_Benchmark.Log_Info_Format_WithBoxing;Catel.Benchmarks.Logging;Log_Enabled_Benchmark;Log_Info_Format_WithBoxing;Default;Default;Default;Default;Default;Default;Default;Default;Default;Default;Default;Default;Default;Default;Default;Default;Default;Default;Default;Default;Default;Default;Default;Default;Default;Default;DefaultJob;;1;MainTarget;1;221257219.03;262144;844.03;72;0;0;392
Log_Enabled_Benchmark.Log_Info_Format_WithBoxing;Catel.Benchmarks.Logging;Log_Enabled_Benchmark;Log_Info_Format_WithBoxing;Default;Default;Default;Default;Default;Default;Default;Default;Default;Default;Default;Default;Default;Default;Default;Default;Default;Default;Default;Default;Default;Default;Default;Default;Default;Default;DefaultJob;;1;MainTarget;2;251126667.43;262144;957.97;72;0;0;392
Log_Enabled_Benchmark.Log_Info_Format_WithBoxing;Catel.Benchmarks.Logging;Log_Enabled_Benchmark;Log_Info_Format_WithBoxing;Default;Default;Default;Default;Default;Default;Default;Default;Default;Default;Default;Default;Default;Default;Default;Default;Default;Default;Default;Default;Default;Default;Default;Default;Default;Default;DefaultJob;;1;MainTarget;3;226516086.45;262144;864.09;72;0;0;392
Log_Enabled_Benchmark.Log_Info_Format_WithBoxing;Catel.Benchmarks.Logging;Log_Enabled_Benchmark;Log_Info_Format_WithBoxing;Default;Default;Default;Default;Default;Default;Default;Default;Default;Default;Default;Default;Default;Default;Default;Default;Default;Default;Default;Default;Default;Default;Default;Default;Default;Default;DefaultJob;;1;MainTarget;4;222380550.6;262144;848.31;72;0;0;392
Log_Enabled_Benchmark.Log_Info_Format_WithBoxing;Catel.Benchmarks.Logging;Log_Enabled_Benchmark;Log_Info_Format_WithBoxing;Default;Default;Default;Default;Default;Default;Default;Default;Default;Default;Default;Default;Default;Default;Default;Default;Default;Default;Default;Default;Default;Default;Default;Default;Default;Default;DefaultJob;;1;MainTarget;5;280660357.6;262144;1070.63;72;0;0;392
Log_Enabled_Benchmark.Log_Info_Format_WithBoxing;Catel.Benchmarks.Logging;Log_Enabled_Benchmark;Log_Info_Format_WithBoxing;Default;Default;Default;Default;Default;Default;Default;Default;Default;Default;Default;Default;Default;Default;Default;Default;Default;Default;Default;Default;Default;Default;Default;Default;Default;Default;DefaultJob;;1;MainTarget;6;266736321.5;262144;1017.52;72;0;0;392
Log_Enabled_Benchmark.Log_Info_Format_WithBoxing;Catel.Benchmarks.Logging;Log_Enabled_Benchmark;Log_Info_Format_WithBoxing;Default;Default;Default;Default;Default;Default;Default;Default;Default;Default;Default;Default;Default;Default;Default;Default;Default;Default;Default;Default;Default;Default;Default;Default;Default;Default;DefaultJob;;1;MainTarget;7;221015795.84;262144;843.11;72;0;0;392
Log_Enabled_Benchmark.Log_Info_Format_WithBoxing;Catel.Benchmarks.Logging;Log_Enabled_Benchmark;Log_Info_Format_WithBoxing;Default;Default;Default;Default;Default;Default;Default;Default;Default;Default;Default;Default;Default;Default;Default;Default;Default;Default;Default;Default;Default;Default;Default;Default;Default;Default;DefaultJob;;1;MainTarget;8;221421995.02;262144;844.66;72;0;0;392
Log_Enabled_Benchmark.Log_Info_Format_WithBoxing;Catel.Benchmarks.Logging;Log_Enabled_Benchmark;Log_Info_Format_WithBoxing;Default;Default;Default;Default;Default;Default;Default;Default;Default;Default;Default;Default;Default;Default;Default;Default;Default;Default;Default;Default;Default;Default;Default;Default;Default;Default;DefaultJob;;1;MainTarget;9;221791267;262144;846.07;72;0;0;392
Log_Enabled_Benchmark.Log_Info_Format_WithBoxing;Catel.Benchmarks.Logging;Log_Enabled_Benchmark;Log_Info_Format_WithBoxing;Default;Default;Default;Default;Default;Default;Default;Default;Default;Default;Default;Default;Default;Default;Default;Default;Default;Default;Default;Default;Default;Default;Default;Default;Default;Default;DefaultJob;;1;MainTarget;10;225187638.26;262144;859.02;72;0;0;392
Log_Enabled_Benchmark.Log_Info_Format_WithBoxing;Catel.Benchmarks.Logging;Log_Enabled_Benchmark;Log_Info_Format_WithBoxing;Default;Default;Default;Default;Default;Default;Default;Default;Default;Default;Default;Default;Default;Default;Default;Default;Default;Default;Default;Default;Default;Default;Default;Default;Default;Default;DefaultJob;;1;MainTarget;11;222408789.05;262144;848.42;72;0;0;392
Log_Enabled_Benchmark.Log_Info_Format_WithBoxing;Catel.Benchmarks.Logging;Log_Enabled_Benchmark;Log_Info_Format_WithBoxing;Default;Default;Default;Default;Default;Default;Default;Default;Default;Default;Default;Default;Default;Default;Default;Default;Default;Default;Default;Default;Default;Default;Default;Default;Default;Default;DefaultJob;;1;MainTarget;12;221835021.07;262144;846.23;72;0;0;392
Log_Enabled_Benchmark.Log_Info_Format_WithBoxing;Catel.Benchmarks.Logging;Log_Enabled_Benchmark;Log_Info_Format_WithBoxing;Default;Default;Default;Default;Default;Default;Default;Default;Default;Default;Default;Default;Default;Default;Default;Default;Default;Default;Default;Default;Default;Default;Default;Default;Default;Default;DefaultJob;;1;MainTarget;13;220842331.11;262144;842.45;72;0;0;392
Log_Enabled_Benchmark.Log_Info_Format_WithBoxing;Catel.Benchmarks.Logging;Log_Enabled_Benchmark;Log_Info_Format_WithBoxing;Default;Default;Default;Default;Default;Default;Default;Default;Default;Default;Default;Default;Default;Default;Default;Default;Default;Default;Default;Default;Default;Default;Default;Default;Default;Default;DefaultJob;;1;MainTarget;14;220944113.63;262144;842.83;72;0;0;392
Log_Enabled_Benchmark.Log_Info_Format_WithBoxing;Catel.Benchmarks.Logging;Log_Enabled_Benchmark;Log_Info_Format_WithBoxing;Default;Default;Default;Default;Default;Default;Default;Default;Default;Default;Default;Default;Default;Default;Default;Default;Default;Default;Default;Default;Default;Default;Default;Default;Default;Default;DefaultJob;;1;MainTarget;15;225349311.12;262144;859.64;72;0;0;392
Log_Enabled_Benchmark.Log_Info_Format_WithBoxing;Catel.Benchmarks.Logging;Log_Enabled_Benchmark;Log_Info_Format_WithBoxing;Default;Default;Default;Default;Default;Default;Default;Default;Default;Default;Default;Default;Default;Default;Default;Default;Default;Default;Default;Default;Default;Default;Default;Default;Default;Default;DefaultJob;;1;Result;1;220729687.64;262144;842.02;72;0;0;392
Log_Enabled_Benchmark.Log_Info_Format_WithBoxing;Catel.Benchmarks.Logging;Log_Enabled_Benchmark;Log_Info_Format_WithBoxing;Default;Default;Default;Default;Default;Default;Default;Default;Default;Default;Default;Default;Default;Default;Default;Default;Default;Default;Default;Default;Default;Default;Default;Default;Default;Default;DefaultJob;;1;Result;2;225988555.05;262144;862.08;72;0;0;392
Log_Enabled_Benchmark.Log_Info_Format_WithBoxing;Catel.Benchmarks.Logging;Log_Enabled_Benchmark;Log_Info_Format_WithBoxing;Default;Default;Default;Default;Default;Default;Default;Default;Default;Default;Default;Default;Default;Default;Default;Default;Default;Default;Default;Default;Default;Default;Default;Default;Default;Default;DefaultJob;;1;Result;3;221853019.2;262144;846.3;72;0;0;392
Log_Enabled_Benchmark.Log_Info_Format_WithBoxing;Catel.Benchmarks.Logging;Log_Enabled_Benchmark;Log_Info_Format_WithBoxing;Default;Default;Default;Default;Default;Default;Default;Default;Default;Default;Default;Default;Default;Default;Default;Default;Default;Default;Default;Default;Default;Default;Default;Default;Default;Default;DefaultJob;;1;Result;4;220488264.44;262144;841.1;72;0;0;392
Log_Enabled_Benchmark.Log_Info_Format_WithBoxing;Catel.Benchmarks.Logging;Log_Enabled_Benchmark;Log_Info_Format_WithBoxing;Default;Default;Default;Default;Default;Default;Default;Default;Default;Default;Default;Default;Default;Default;Default;Default;Default;Default;Default;Default;Default;Default;Default;Default;Default;Default;DefaultJob;;1;Result;5;220894463.62;262144;842.65;72;0;0;392
Log_Enabled_Benchmark.Log_Info_Format_WithBoxing;Catel.Benchmarks.Logging;Log_Enabled_Benchmark;Log_Info_Format_WithBoxing;Default;Default;Default;Default;Default;Default;Default;Default;Default;Default;Default;Default;Default;Default;Default;Default;Default;Default;Default;Default;Default;Default;Default;Default;Default;Default;DefaultJob;;1;Result;6;221263735.6;262144;844.05;72;0;0;392
Log_Enabled_Benchmark.Log_Info_Format_WithBoxing;Catel.Benchmarks.Logging;Log_Enabled_Benchmark;Log_Info_Format_WithBoxing;Default;Default;Default;Default;Default;Default;Default;Default;Default;Default;Default;Default;Default;Default;Default;Default;Default;Default;Default;Default;Default;Default;Default;Default;Default;Default;DefaultJob;;1;Result;7;224660106.87;262144;857.01;72;0;0;392
Log_Enabled_Benchmark.Log_Info_Format_WithBoxing;Catel.Benchmarks.Logging;Log_Enabled_Benchmark;Log_Info_Format_WithBoxing;Default;Default;Default;Default;Default;Default;Default;Default;Default;Default;Default;Default;Default;Default;Default;Default;Default;Default;Default;Default;Default;Default;Default;Default;Default;Default;DefaultJob;;1;Result;8;221881257.65;262144;846.41;72;0;0;392
Log_Enabled_Benchmark.Log_Info_Format_WithBoxing;Catel.Benchmarks.Logging;Log_Enabled_Benchmark;Log_Info_Format_WithBoxing;Default;Default;Default;Default;Default;Default;Default;Default;Default;Default;Default;Default;Default;Default;Default;Default;Default;Default;Default;Default;Default;Default;Default;Default;Default;Default;DefaultJob;;1;Result;9;221307489.67;262144;844.22;72;0;0;392
Log_Enabled_Benchmark.Log_Info_Format_WithBoxing;Catel.Benchmarks.Logging;Log_Enabled_Benchmark;Log_Info_Format_WithBoxing;Default;Default;Default;Default;Default;Default;Default;Default;Default;Default;Default;Default;Default;Default;Default;Default;Default;Default;Default;Default;Default;Default;Default;Default;Default;Default;DefaultJob;;1;Result;10;220314799.71;262144;840.43;72;0;0;392
Log_Enabled_Benchmark.Log_Info_Format_WithBoxing;Catel.Benchmarks.Logging;Log_Enabled_Benchmark;Log_Info_Format_WithBoxing;Default;Default;Default;Default;Default;Default;Default;Default;Default;Default;Default;Default;Default;Default;Default;Default;Default;Default;Default;Default;Default;Default;Default;Default;Default;Default;DefaultJob;;1;Result;11;220416582.24;262144;840.82;72;0;0;392
Log_Enabled_Benchmark.Log_Info_Format_WithBoxing;Catel.Benchmarks.Logging;Log_Enabled_Benchmark;Log_Info_Format_WithBoxing;Default;Default;Default;Default;Default;Default;Default;Default;Default;Default;Default;Default;Default;Default;Default;Default;Default;Default;Default;Default;Default;Default;Default;Default;Default;Default;DefaultJob;;1;Result;12;224821779.72;262144;857.63;72;0;0;392
